time,temp
2025-04-04 02:54:48,12.76
2025-04-04 03:45:19,13.76
2025-04-04 03:55:15,13.76
2025-04-04 04:40:08,14.76
2025-04-04 04:51:41,14.76
2025-04-04 04:59:51,14.76
2025-04-04 05:37:56,14.76
2025-04-04 05:46:22,14.76
2025-04-04 05:55:03,14.76
2025-04-04 06:47:21,14.76
2025-04-04 06:55:32,14.76
2025-04-04 07:28:39,14.76
2025-04-04 07:42:25,14.76
2025-04-04 07:51:03,14.76
2025-04-04 07:59:16,14.76
2025-04-04 08:44:57,13.76
2025-04-04 08:55:16,13.76
2025-04-04 09:33:12,11.76
2025-04-04 09:43:55,11.76
2025-04-04 09:52:45,11.76
2025-04-04 10:40:11,9.76
2025-04-04 10:49:52,9.76
2025-04-04 10:58:01,9.76
2025-04-04 11:27:05,7.76
2025-04-04 11:41:35,7.76
2025-04-04 11:50:00,7.76
2025-04-04 11:58:21,7.76
2025-04-04 13:17:57,10.28
2025-04-04 13:44:22,5.76
2025-04-04 13:52:33,5.76
2025-04-04 14:37:50,7.76
2025-04-04 14:47:02,7.76
2025-04-04 14:55:16,7.76
2025-04-04 15:36:38,7.76
2025-04-04 15:50:15,7.76
2025-04-04 15:58:49,7.76
2025-04-04 16:45:52,7.76
2025-04-04 16:55:26,7.76
2025-04-04 17:32:32,6.76
2025-04-04 17:42:28,6.76
2025-04-04 17:51:14,6.76
2025-04-04 17:59:35,6.76
2025-04-04 18:46:39,7.76
2025-04-04 18:54:53,7.76
2025-04-04 19:24:45,7.76
2025-04-04 19:36:16,7.76
2025-04-04 19:44:37,7.76
2025-04-04 19:53:25,7.76
2025-04-04 20:32:45,7.76
2025-04-04 20:44:44,7.76
2025-04-04 20:53:29,7.76
2025-04-04 21:27:42,7.76
2025-04-04 21:40:04,7.76
2025-04-04 21:48:34,7.76
2025-04-04 21:56:56,7.76
2025-04-04 22:36:19,8.76
2025-04-04 22:44:56,8.76
2025-04-04 22:53:34,7.76
2025-04-04 23:28:00,7.76
2025-04-04 23:40:43,7.76
2025-04-04 23:48:55,7.76
2025-04-04 23:57:21,7.76
2025-04-05 03:05:21,7.76
2025-04-05 03:48:43,7.76
2025-04-05 03:56:59,7.76
2025-04-05 04:38:28,7.76
2025-04-05 04:49:59,7.76
2025-04-05 04:58:04,7.76
2025-04-05 05:36:14,7.76
2025-04-05 05:44:22,7.76
2025-04-05 05:52:40,7.76
2025-04-05 06:41:31,7.76
2025-04-05 06:50:55,7.76
2025-04-05 06:59:18,7.76
2025-04-05 07:26:28,7.76
2025-04-05 07:39:20,7.76
2025-04-05 07:48:10,7.76
2025-04-05 07:56:26,7.76
2025-04-05 08:37:29,7.76
2025-04-05 08:48:46,7.76
2025-04-05 08:57:00,7.76
2025-04-05 09:28:34,7.76
2025-04-05 09:39:55,7.76
2025-04-05 09:48:32,7.76
2025-04-05 09:57:04,7.76
2025-04-05 10:37:26,7.76
2025-04-05 10:46:03,7.76
2025-04-05 10:54:18,7.76
2025-04-05 11:22:41,7.76
2025-04-05 11:36:22,7.76
2025-04-05 11:44:32,7.76
2025-04-05 11:53:15,7.76
2025-04-05 13:01:37,7.76
2025-04-05 13:33:42,7.76
2025-04-05 13:41:55,7.76
2025-04-05 13:50:03,7.76
2025-04-05 13:58:10,7.76
2025-04-05 14:31:45,7.76
2025-04-05 14:41:28,7.76
2025-04-05 14:49:40,7.76
2025-04-05 14:58:08,7.76
2025-04-05 15:29:35,6.76
2025-04-05 15:40:26,6.76
2025-04-05 15:48:48,6.76
2025-04-05 15:57:20,6.76
2025-04-05 16:40:55,6.76
2025-04-05 16:50:13,6.76
2025-04-05 16:58:13,6.76
2025-04-05 17:30:05,6.76
2025-04-05 17:41:35,6.76
2025-04-05 17:50:03,6.76
2025-04-05 17:58:37,6.76
2025-04-05 18:39:58,7.76
2025-04-05 18:49:07,7.76
2025-04-05 18:57:40,7.76
2025-04-05 19:21:24,6.76
2025-04-05 19:29:58,6.76
2025-04-05 19:39:23,6.76
2025-04-05 19:48:06,6.76
2025-04-05 19:56:41,6.76
2025-04-05 20:30:21,6.76
2025-04-05 20:41:28,6.76
2025-04-05 20:50:04,6.76
2025-04-05 20:58:27,6.76
2025-04-05 21:27:51,5.76
2025-04-05 21:38:34,5.76
2025-04-05 21:46:52,5.76
2025-04-05 21:55:30,5.76
2025-04-05 22:33:45,5.76
2025-04-05 22:42:54,5.76
2025-04-05 22:51:06,5.76
2025-04-05 22:59:42,5.76
2025-04-05 23:29:48,7.76
2025-04-05 23:40:28,7.76
2025-04-05 23:48:43,6.76
2025-04-05 23:57:06,6.76
2025-04-06 03:11:09,11.76
2025-04-06 03:51:06,13.76
2025-04-06 03:59:41,13.76
2025-04-06 04:46:55,13.76
2025-04-06 04:55:15,13.76
2025-04-06 05:32:22,13.76
2025-04-06 05:42:33,13.76
2025-04-06 05:50:45,13.76
2025-04-06 05:59:09,13.76
2025-04-06 06:48:11,13.76
2025-04-06 06:56:27,13.76
2025-04-06 07:25:49,13.76
2025-04-06 07:36:23,13.76
2025-04-06 07:44:40,13.76
2025-04-06 07:52:56,13.76
2025-04-06 08:38:20,12.76
2025-04-06 08:50:18,12.76
2025-04-06 08:58:29,12.76
2025-04-06 09:30:20,11.76
2025-04-06 09:40:57,11.76
2025-04-06 09:49:36,11.76
2025-04-06 10:00:00,11.76
2025-04-06 10:38:00,9.76
2025-04-06 10:46:27,9.76
2025-04-06 10:54:50,9.76
2025-04-06 11:22:56,9.93
2025-04-06 11:36:21,8.76
2025-04-06 11:44:28,8.76
2025-04-06 11:52:49,8.76
2025-04-06 13:02:02,8.76
2025-04-06 13:35:26,7.76
2025-04-06 13:43:45,7.76
2025-04-06 13:52:26,7.76
2025-04-06 14:31:25,5.76
2025-04-06 14:42:06,5.76
2025-04-06 14:50:39,5.76
2025-04-06 14:59:16,5.76
2025-04-06 15:29:41,3.76
2025-04-06 15:40:18,3.76
2025-04-06 15:48:28,3.76
2025-04-06 15:56:42,3.76
2025-04-06 16:39:53,3.76
2025-04-06 16:49:54,3.76
2025-04-06 16:58:19,3.76
2025-04-06 17:30:05,4.76
2025-04-06 17:41:25,4.76
2025-04-06 17:49:46,4.76
2025-04-06 17:58:20,4.76
2025-04-06 18:41:12,2.76
2025-04-06 18:49:52,2.76
2025-04-06 18:58:19,2.76
2025-04-06 19:21:40,7.15
2025-04-06 19:29:50,2.76
2025-04-06 19:40:34,2.76
2025-04-06 19:48:50,2.76
2025-04-06 19:57:04,2.76
2025-04-06 20:31:23,3.76
2025-04-06 20:42:27,3.76
2025-04-06 20:50:44,3.76
2025-04-06 20:58:56,3.76
2025-04-06 21:27:46,2.76
2025-04-06 21:39:58,2.76
2025-04-06 21:48:13,2.76
2025-04-06 21:56:29,2.76
2025-04-06 22:33:18,3.76
2025-04-06 22:43:27,3.76
2025-04-06 22:51:37,3.76
2025-04-06 22:59:47,3.76
2025-04-06 23:27:51,8.76
2025-04-06 23:39:45,8.76
2025-04-06 23:48:08,8.76
2025-04-06 23:56:29,8.76
2025-04-07 03:12:16,15.76
2025-04-07 03:52:26,17.76
2025-04-07 04:39:42,17.76
2025-04-07 04:51:38,17.76
2025-04-07 04:59:53,17.76
2025-04-07 05:38:43,18.76
2025-04-07 05:47:03,18.76
2025-04-07 05:55:17,18.76
2025-04-07 06:49:34,19.76
2025-04-07 06:57:44,19.76
2025-04-07 07:32:20,18.76
2025-04-07 07:42:56,18.76
2025-04-07 07:51:15,18.76
2025-04-07 07:59:40,18.76
2025-04-07 08:48:14,17.76
2025-04-07 08:56:39,17.76
2025-04-07 09:37:21,16.76
2025-04-07 09:46:08,16.76
2025-04-07 09:54:51,16.76
2025-04-07 10:42:07,15.76
2025-04-07 10:51:27,15.76
2025-04-07 10:59:57,15.76
2025-04-07 11:27:13,14.76
2025-04-07 11:39:56,14.76
2025-04-07 11:48:26,14.76
2025-04-07 11:56:57,14.76
2025-04-07 13:35:50,14.76
2025-04-07 13:50:14,14.76
2025-04-07 13:58:58,14.76
2025-04-07 14:41:53,13.76
2025-04-07 14:51:23,13.76
2025-04-07 14:59:55,13.76
2025-04-07 15:37:28,12.76
2025-04-07 15:47:39,12.76
2025-04-07 15:56:16,12.76
2025-04-07 16:45:38,12.76
2025-04-07 16:56:29,12.76
2025-04-07 17:32:43,11.76
2025-04-07 17:43:03,11.76
2025-04-07 17:51:20,11.76
2025-04-07 17:59:45,11.76
2025-04-07 18:46:12,10.76
2025-04-07 18:54:41,10.76
2025-04-07 19:23:42,9.76
2025-04-07 19:37:59,9.76
2025-04-07 19:46:39,9.76
2025-04-07 19:54:49,9.76
2025-04-07 20:34:04,9.76
2025-04-07 20:45:59,9.76
2025-04-07 20:54:40,9.76
2025-04-07 21:30:52,9.76
2025-04-07 21:43:43,9.76
2025-04-07 21:55:44,9.76
2025-04-07 22:00:45,9.76
2025-04-07 22:37:42,9.76
2025-04-07 22:46:16,9.76
2025-04-07 22:55:06,9.76
2025-04-07 23:31:10,10.76
2025-04-07 23:42:51,10.76
2025-04-07 23:51:28,10.76
2025-04-08 00:00:02,10.76
2025-04-08 03:08:18,17.16
2025-04-08 03:51:17,15.76
2025-04-08 03:59:47,15.76
2025-04-08 04:42:13,16.76
2025-04-08 04:53:44,16.76
2025-04-08 05:37:28,17.76
2025-04-08 05:45:50,17.76
2025-04-08 05:54:19,17.76
2025-04-08 06:48:24,17.76
2025-04-08 06:56:33,17.76
2025-04-08 07:30:30,17.76
2025-04-08 07:41:45,17.76
2025-04-08 07:50:15,17.76
2025-04-08 07:58:48,17.76
2025-04-08 08:47:59,17.76
2025-04-08 08:57:10,17.76
2025-04-08 09:36:57,15.76
2025-04-08 09:46:10,15.76
2025-04-08 09:54:37,15.76
2025-04-08 10:41:51,13.76
2025-04-08 10:51:21,13.76
2025-04-08 10:59:37,13.76
2025-04-08 11:27:56,12.76
2025-04-08 11:40:30,12.76
2025-04-08 11:49:10,12.76
2025-04-08 11:57:19,12.76
2025-04-08 13:35:09,9.76
2025-04-08 13:50:07,9.76
2025-04-08 13:58:25,9.76
2025-04-08 14:42:40,7.76
2025-04-08 14:52:25,7.76
2025-04-08 15:38:28,6.76
2025-04-08 15:49:33,6.76
2025-04-08 15:58:09,6.76
2025-04-08 16:48:48,6.76
2025-04-08 16:57:16,6.76
2025-04-08 17:35:26,5.76
2025-04-08 17:44:30,5.76
2025-04-08 17:53:11,5.76
2025-04-08 18:47:43,5.76
2025-04-08 18:56:01,5.76
2025-04-08 19:25:04,5.76
2025-04-08 19:38:34,5.76
2025-04-08 19:47:11,5.76
2025-04-08 19:55:33,5.76
2025-04-08 20:35:36,6.76
2025-04-08 20:47:25,6.76
2025-04-08 20:56:08,6.76
2025-04-08 21:29:54,10.23
2025-04-08 21:41:59,6.76
2025-04-08 21:50:45,6.76
2025-04-08 21:58:55,6.76
2025-04-08 22:37:22,7.76
2025-04-08 22:45:45,7.76
2025-04-08 22:54:33,7.76
2025-04-08 23:29:05,10.76
2025-04-08 23:41:26,10.76
2025-04-08 23:49:48,10.76
2025-04-08 23:58:15,10.76
2025-04-09 03:09:50,16.25
2025-04-09 03:52:05,16.76
2025-04-09 04:39:42,17.76
2025-04-09 04:53:14,17.76
2025-04-09 05:37:14,15.76
2025-04-09 05:45:24,15.76
2025-04-09 05:53:53,15.76
2025-04-09 06:48:52,14.76
2025-04-09 06:57:08,14.76
2025-04-09 07:30:43,12.76
2025-04-09 07:42:20,12.76
2025-04-09 07:51:06,12.76
2025-04-09 07:59:40,12.76
2025-04-09 08:51:03,13.76
2025-04-09 08:59:27,13.76
2025-04-09 09:38:45,13.76
2025-04-09 09:49:31,13.76
2025-04-09 09:57:56,13.76
2025-04-09 10:47:54,11.76
2025-04-09 10:57:26,11.76
2025-04-09 11:26:23,10.76
2025-04-09 11:39:11,10.76
2025-04-09 11:47:23,10.76
2025-04-09 11:55:43,10.76
2025-04-09 13:37:20,9.76
2025-04-09 13:56:36,9.76
2025-04-09 14:43:44,10.76
2025-04-09 14:54:44,10.76
2025-04-09 15:40:10,12.4
2025-04-09 15:51:11,9.76
2025-04-09 15:59:44,9.76
2025-04-09 16:51:57,9.76
2025-04-09 17:00:04,9.76
2025-04-09 17:36:59,8.76
2025-04-09 17:45:24,8.76
2025-04-09 17:53:51,8.76
2025-04-09 18:45:55,8.76
2025-04-09 18:54:40,8.76
2025-04-09 19:24:19,8.76
2025-04-09 19:37:59,8.76
2025-04-09 19:46:22,8.76
2025-04-09 19:54:40,8.76
2025-04-09 20:35:13,7.76
2025-04-09 20:51:39,6.76
2025-04-09 20:59:42,6.76
2025-04-09 21:27:37,5.76
2025-04-09 21:40:02,5.76
2025-04-09 21:48:13,5.76
2025-04-09 21:56:37,5.76
2025-04-09 22:33:33,6.76
2025-04-09 22:44:04,6.76
2025-04-09 22:52:35,6.76
2025-04-09 23:28:06,9.76
2025-04-09 23:40:38,9.76
2025-04-09 23:49:31,9.76
2025-04-09 23:57:42,9.76
2025-04-10 03:10:05,15.76
2025-04-10 03:52:47,15.76
2025-04-10 04:42:26,17.76
2025-04-10 04:53:12,17.76
2025-04-10 05:36:59,17.76
2025-04-10 05:45:27,17.76
2025-04-10 05:53:50,17.76
2025-04-10 06:48:04,17.76
2025-04-10 06:56:23,17.76
2025-04-10 07:31:51,16.76
2025-04-10 07:44:06,16.76
2025-04-10 07:52:42,16.76
2025-04-10 08:43:53,15.76
2025-04-10 08:56:28,15.76
2025-04-10 09:34:28,13.76
2025-04-10 09:45:15,13.76
2025-04-10 09:53:40,13.76
2025-04-10 10:41:35,11.76
2025-04-10 10:51:16,11.76
2025-04-10 10:59:41,11.76
2025-04-10 11:27:02,10.76
2025-04-10 11:39:39,10.76
2025-04-10 11:48:28,10.76
2025-04-10 11:56:43,10.76
2025-04-10 13:34:40,8.76
2025-04-10 13:49:54,8.76
2025-04-10 13:58:23,8.76
2025-04-10 14:40:09,7.76
2025-04-10 14:48:52,7.76
2025-04-10 14:56:58,7.76
2025-04-10 15:36:36,7.76
2025-04-10 15:47:19,7.76
2025-04-10 15:55:39,7.76
2025-04-10 16:47:56,6.76
2025-04-10 16:57:48,6.76
2025-04-10 17:33:59,6.76
2025-04-10 17:43:36,6.76
2025-04-10 17:52:00,6.76
2025-04-10 18:00:11,6.76
2025-04-10 18:45:11,6.76
2025-04-10 18:54:10,6.76
2025-04-10 19:20:58,6.76
2025-04-10 19:29:21,6.76
2025-04-10 19:39:54,6.76
2025-04-10 19:48:39,6.76
2025-04-10 19:56:57,6.76
2025-04-10 20:34:46,6.76
2025-04-10 20:45:53,6.76
2025-04-10 20:53:59,6.76
2025-04-10 21:28:59,6.76
2025-04-10 21:40:58,6.76
2025-04-10 21:49:40,6.76
2025-04-10 21:57:51,6.76
2025-04-10 22:38:22,6.76
2025-04-10 22:47:07,6.76
2025-04-10 22:55:26,6.76
2025-04-10 23:30:49,10.76
2025-04-10 23:43:56,10.76
2025-04-10 23:52:20,10.76
2025-04-11 03:09:06,18.76
2025-04-11 03:51:49,20.76
2025-04-11 04:00:00,20.76
2025-04-11 04:43:26,22.76
2025-04-11 04:53:16,22.76
2025-04-11 05:39:36,22.76
2025-04-11 05:50:00,22.76
2025-04-11 05:58:12,22.76
2025-04-11 06:49:11,21.76
2025-04-11 06:57:29,21.76
2025-04-11 07:30:01,21.76
2025-04-11 07:40:51,21.76
2025-04-11 07:49:26,21.76
2025-04-11 07:57:59,21.76
2025-04-11 08:45:46,19.76
2025-04-11 08:55:33,19.76
2025-04-11 09:33:51,18.76
2025-04-11 09:44:28,18.76
2025-04-11 09:52:49,18.76
2025-04-11 10:40:11,16.76
2025-04-11 10:49:55,16.76
2025-04-11 10:58:14,16.76
2025-04-11 11:26:23,13.76
2025-04-11 11:39:40,13.76
2025-04-11 11:48:13,13.76
2025-04-11 11:56:31,13.76
2025-04-11 13:18:08,11.76
2025-04-11 13:46:19,11.76
2025-04-11 13:54:27,11.76
2025-04-11 14:39:11,10.76
2025-04-11 14:49:36,10.76
2025-04-11 14:57:50,10.76
2025-04-11 15:35:48,9.76
2025-04-11 15:46:01,9.76
2025-04-11 15:54:57,9.76
2025-04-11 16:45:35,9.76
2025-04-11 16:55:55,9.76
2025-04-11 17:30:09,9.76
2025-04-11 17:43:31,9.76
2025-04-11 17:52:04,9.76
2025-04-11 18:45:12,9.76
2025-04-11 18:54:44,9.76
2025-04-11 19:23:34,10.76
2025-04-11 19:38:18,10.76
2025-04-11 19:46:55,10.76
2025-04-11 19:55:04,10.76
2025-04-11 20:33:26,9.76
2025-04-11 20:45:14,9.76
2025-04-11 20:53:42,9.76
2025-04-11 21:28:39,9.76
2025-04-11 21:40:38,9.76
2025-04-11 21:49:12,9.76
2025-04-11 21:57:22,9.76
2025-04-11 22:38:28,10.76
2025-04-11 22:49:57,10.76
2025-04-11 22:58:24,10.76
2025-04-11 23:29:59,15.76
2025-04-11 23:41:42,15.76
2025-04-11 23:50:04,15.76
2025-04-11 23:58:15,15.76
2025-04-12 03:07:08,21.76
2025-04-12 03:49:22,21.76
2025-04-12 03:57:34,21.76
2025-04-12 04:40:20,19.76
2025-04-12 04:50:13,15.76
2025-04-12 04:58:41,15.76
2025-04-12 05:32:57,16.76
2025-04-12 05:42:30,16.76
2025-04-12 05:51:00,16.76
2025-04-12 05:59:31,16.76
2025-04-12 06:44:58,16.76
2025-04-12 06:54:07,16.76
2025-04-12 07:26:07,15.76
2025-04-12 07:36:57,15.76
2025-04-12 07:45:36,15.76
2025-04-12 07:53:48,15.76
2025-04-12 08:38:09,11.76
2025-04-12 08:51:23,11.76
2025-04-12 08:59:28,11.76
2025-04-12 09:31:49,8.76
2025-04-12 09:41:35,8.76
2025-04-12 09:49:41,8.76
2025-04-12 09:58:10,8.76
2025-04-12 10:35:55,6.76
2025-04-12 10:44:31,6.76
2025-04-12 10:53:13,6.76
2025-04-12 11:21:44,6.41
2025-04-12 11:30:09,4.76
2025-04-12 11:39:18,4.76
2025-04-12 11:47:58,4.76
2025-04-12 11:56:16,4.76
2025-04-12 13:02:23,4.76
2025-04-12 13:33:49,1.76
2025-04-12 13:42:10,1.76
2025-04-12 13:50:31,1.76
2025-04-12 13:58:53,0.76
2025-04-12 14:32:14,0.76
2025-04-12 14:42:34,0.76
2025-04-12 14:50:48,0.76
2025-04-12 14:59:18,0.76
2025-04-12 15:29:40,0.76
2025-04-12 15:42:39,0.76
2025-04-12 15:51:18,0.76
2025-04-12 15:59:30,0.76
2025-04-12 16:39:58,0.76
2025-04-12 16:51:22,0.76
2025-04-12 16:59:41,0.76
2025-04-12 17:33:06,1.76
2025-04-12 17:41:48,1.76
2025-04-12 17:50:17,1.76
2025-04-12 17:58:49,1.76
2025-04-12 18:41:36,2.76
2025-04-12 18:51:22,2.76
2025-04-12 18:59:54,2.76
2025-04-12 19:23:28,3.76
2025-04-12 19:36:47,3.76
2025-04-12 19:45:00,3.76
2025-04-12 19:53:39,3.76
2025-04-12 20:30:04,4.76
2025-04-12 20:41:59,4.76
2025-04-12 20:50:43,4.76
2025-04-12 20:59:05,4.76
2025-04-12 21:27:34,4.76
2025-04-12 21:39:54,4.76
2025-04-12 21:48:15,4.76
2025-04-12 21:56:48,4.76
2025-04-12 22:33:21,6.76
2025-04-12 22:42:49,6.76
2025-04-12 22:51:34,6.76
2025-04-12 22:59:43,6.76
2025-04-13 04:26:25,6.76
2025-04-13 05:35:33,3.76
2025-04-13 05:47:56,3.76
2025-04-13 05:56:21,3.76
2025-04-13 06:45:05,6.76
2025-04-13 06:53:18,6.76
2025-04-13 07:26:47,6.76
2025-04-13 07:36:48,6.76
2025-04-13 07:45:02,6.76
2025-04-13 07:53:32,6.76
2025-04-13 08:39:07,6.76
2025-04-13 08:50:50,6.76
2025-04-13 08:59:05,6.76
2025-04-13 09:32:59,6.76
2025-04-13 09:43:06,6.76
2025-04-13 09:51:37,6.76
2025-04-13 09:59:53,6.76
2025-04-13 10:39:38,5.76
2025-04-13 10:48:18,5.76
2025-04-13 10:56:47,5.76
2025-04-13 11:23:47,5.76
2025-04-13 11:37:13,5.76
2025-04-13 11:45:54,5.76
2025-04-13 11:54:08,5.76
2025-04-13 13:03:20,5.76
2025-04-13 13:43:27,5.76
2025-04-13 13:51:55,5.76
2025-04-13 14:00:36,5.76
2025-04-13 14:32:40,5.76
2025-04-13 14:42:53,5.76
2025-04-13 14:51:29,5.76
2025-04-13 15:00:04,5.76
2025-04-13 15:33:03,5.76
2025-04-13 15:42:34,5.76
2025-04-13 15:51:03,5.76
2025-04-13 15:59:26,5.76
2025-04-13 16:44:09,4.76
2025-04-13 16:52:48,4.76
2025-04-13 17:30:03,4.76
2025-04-13 17:41:01,1.76
2025-04-13 17:49:27,1.76
2025-04-13 17:57:36,1.76
2025-04-13 18:41:17,0.76
2025-04-13 18:50:47,0.76
2025-04-13 18:59:11,0.76
2025-04-13 19:22:12,2.76
2025-04-13 19:35:54,2.76
2025-04-13 19:44:26,2.76
2025-04-13 19:53:11,2.76
2025-04-13 20:30:39,2.76
2025-04-13 20:42:11,2.76
2025-04-13 20:50:21,2.76
2025-04-13 20:58:44,2.76
2025-04-13 21:28:13,3.76
2025-04-13 21:39:47,3.76
2025-04-13 21:48:35,3.76
2025-04-13 21:56:44,3.76
2025-04-13 22:34:37,3.76
2025-04-13 22:45:05,3.76
2025-04-13 22:53:18,3.76
2025-04-13 23:31:13,4.76
2025-04-13 23:44:34,4.76
2025-04-13 23:52:50,4.76
2025-04-14 03:14:50,6.76
2025-04-14 03:56:10,6.76
2025-04-14 04:41:02,5.76
2025-04-14 04:52:40,5.76
2025-04-14 05:38:34,6.76
2025-04-14 05:47:19,6.76
2025-04-14 05:55:31,6.76
2025-04-14 06:50:54,5.76
2025-04-14 06:59:13,5.76
2025-04-14 07:31:54,5.76
2025-04-14 07:42:35,5.76
2025-04-14 07:51:13,5.76
2025-04-14 07:59:24,5.76
2025-04-14 08:48:44,5.76
2025-04-14 08:57:39,5.76
2025-04-14 09:38:11,5.76
2025-04-14 09:48:07,5.76
2025-04-14 09:56:41,5.76
2025-04-14 10:43:36,5.76
2025-04-14 10:52:39,5.76
2025-04-14 11:25:50,5.76
2025-04-14 11:38:44,5.76
2025-04-14 11:46:59,5.76
2025-04-14 11:55:11,5.76
2025-04-14 13:35:53,4.76
2025-04-14 13:50:59,4.76
2025-04-14 13:59:15,4.76
2025-04-14 14:42:40,3.76
2025-04-14 14:52:07,3.76
2025-04-14 15:00:22,3.76
2025-04-14 15:35:06,3.76
2025-04-14 15:46:17,3.76
2025-04-14 15:54:40,3.76
2025-04-14 16:48:17,2.76
2025-04-14 16:57:29,2.76
2025-04-14 17:34:20,1.76
2025-04-14 17:43:59,1.76
2025-04-14 17:52:47,1.76
2025-04-14 18:47:35,0.76
2025-04-14 18:56:04,0.76
2025-04-14 19:24:38,-0.24
2025-04-14 19:38:31,-0.24
2025-04-14 19:47:06,-0.24
2025-04-14 19:55:23,-0.24
2025-04-14 20:37:27,-1.24
2025-04-14 20:48:21,-1.24
2025-04-14 20:56:58,-1.24
2025-04-14 21:30:01,0.76
2025-04-14 21:41:46,0.76
2025-04-14 21:50:18,0.76
2025-04-14 21:58:39,0.76
2025-04-14 22:37:59,1.76
2025-04-14 22:46:46,1.76
2025-04-14 22:55:06,1.76
2025-04-14 23:29:23,5.76
2025-04-14 23:42:19,5.76
2025-04-14 23:51:02,5.76
2025-04-14 23:59:20,5.76
2025-04-15 03:14:32,11.76
2025-04-15 03:54:42,12.76
2025-04-15 04:40:39,12.76
2025-04-15 04:54:03,12.76
2025-04-15 05:37:47,13.76
2025-04-15 05:46:32,13.76
2025-04-15 05:55:07,13.76
2025-04-15 06:48:41,12.76
2025-04-15 06:56:54,12.76
2025-04-15 07:35:39,12.76
2025-04-15 07:44:48,12.76
2025-04-15 07:53:18,12.76
2025-04-15 08:48:02,11.76
2025-04-15 08:57:59,11.76
2025-04-15 09:37:19,9.76
2025-04-15 09:47:06,9.76
2025-04-15 09:55:35,9.76
2025-04-15 10:42:52,8.76
2025-04-15 10:52:09,8.76
2025-04-15 11:25:41,7.76
2025-04-15 11:42:16,7.76
2025-04-15 11:50:42,7.76
2025-04-15 11:58:54,7.76
2025-04-15 13:36:52,6.76
2025-04-15 13:51:48,6.76
2025-04-15 14:00:10,6.76
2025-04-15 14:42:36,6.76
2025-04-15 14:52:09,6.76
2025-04-15 15:36:12,6.76
2025-04-15 15:47:55,6.76
2025-04-15 15:56:48,6.76
2025-04-15 16:45:28,5.76
2025-04-15 16:56:07,5.76
2025-04-15 17:34:31,3.76
2025-04-15 17:44:52,3.76
2025-04-15 17:53:30,3.76
2025-04-15 18:45:04,5.76
2025-04-15 18:55:05,5.76
2025-04-15 19:24:12,4.76
2025-04-15 19:38:12,4.76
2025-04-15 19:47:00,4.76
2025-04-15 19:55:25,4.76
2025-04-15 20:35:30,5.76
2025-04-15 20:47:12,5.76
2025-04-15 20:55:49,5.76
2025-04-15 21:29:46,5.76
2025-04-15 21:41:34,5.76
2025-04-15 21:50:05,5.76
2025-04-15 21:58:36,5.76
2025-04-15 22:37:54,6.76
2025-04-15 22:47:05,6.76
2025-04-15 22:55:37,6.76
2025-04-15 23:29:47,9.76
2025-04-15 23:42:01,9.76
2025-04-15 23:50:35,9.76
2025-04-15 23:58:44,9.76
2025-04-16 03:13:13,17.76
2025-04-16 03:54:16,17.76
2025-04-16 04:40:21,19.76
2025-04-16 04:54:03,19.76
2025-04-16 05:37:59,21.76
2025-04-16 05:46:43,21.76
2025-04-16 05:54:57,21.76
2025-04-16 06:48:42,20.76
2025-04-16 06:56:56,20.76
2025-04-16 07:31:03,21.76
2025-04-16 07:42:41,21.76
2025-04-16 07:51:10,21.76
2025-04-16 07:59:32,21.76
2025-04-16 08:49:40,20.76
2025-04-16 08:57:52,20.76
2025-04-16 09:38:09,19.76
2025-04-16 09:48:34,19.76
2025-04-16 09:56:58,19.76
2025-04-16 10:43:48,18.76
2025-04-16 10:52:16,18.76
2025-04-16 11:25:43,17.76
2025-04-16 11:39:26,17.76
2025-04-16 11:48:20,17.76
2025-04-16 11:56:47,17.76
2025-04-16 13:35:02,15.76
2025-04-16 13:50:10,15.76
2025-04-16 13:58:31,15.76
2025-04-16 14:39:49,15.76
2025-04-16 14:50:17,15.76
2025-04-16 14:58:38,15.76
2025-04-16 15:38:49,14.76
2025-04-16 15:49:55,14.76
2025-04-16 15:57:54,14.76
2025-04-16 16:50:37,15.76
2025-04-16 17:00:31,15.76
2025-04-16 17:34:41,15.76
2025-04-16 17:45:11,15.76
2025-04-16 17:53:34,15.76
2025-04-16 18:48:03,13.76
2025-04-16 18:56:15,13.76
2025-04-16 19:21:36,13.81
2025-04-16 19:30:03,13.76
2025-04-16 19:39:57,13.76
2025-04-16 19:48:49,13.76
2025-04-16 19:57:12,13.76
2025-04-16 20:37:32,14.76
2025-04-16 20:48:19,14.76
2025-04-16 20:56:29,14.76
2025-04-16 21:31:00,12.76
2025-04-16 21:42:56,12.76
2025-04-16 21:51:28,12.76
2025-04-16 22:00:02,12.76
2025-04-16 22:39:26,15.76
2025-04-16 22:48:15,15.76
2025-04-16 22:56:47,15.76
2025-04-16 23:29:32,17.76
2025-04-16 23:43:57,17.76
2025-04-16 23:52:19,17.76
2025-04-17 03:11:14,20.76
2025-04-17 03:53:39,22.76
2025-04-17 04:41:37,22.76
2025-04-17 04:52:46,22.76
2025-04-17 05:37:56,22.76
2025-04-17 05:46:18,22.76
2025-04-17 05:54:41,22.76
2025-04-17 06:48:20,23.76
2025-04-17 06:56:34,23.76
2025-04-17 07:32:07,21.76
2025-04-17 07:45:13,21.76
2025-04-17 07:53:30,21.76
2025-04-17 08:44:24,19.76
2025-04-17 08:56:48,19.76
2025-04-17 09:35:36,22.94
2025-04-17 09:45:18,18.76
2025-04-17 09:53:55,18.76
2025-04-17 10:40:58,17.76
2025-04-17 10:50:32,17.76
2025-04-17 10:58:39,17.76
2025-04-17 11:26:33,18.76
2025-04-17 11:40:48,18.76
2025-04-17 11:49:18,18.76
2025-04-17 11:57:32,18.76
2025-04-17 13:33:52,16.76
2025-04-17 13:47:50,16.76
2025-04-17 13:56:22,16.76
2025-04-17 14:38:51,15.76
2025-04-17 14:48:54,15.76
2025-04-17 14:57:03,15.76
2025-04-17 15:35:40,14.76
2025-04-17 15:46:07,14.76
2025-04-17 15:54:45,14.76
2025-04-17 16:47:33,16.76
2025-04-17 16:57:35,16.76
2025-04-17 17:36:00,16.76
2025-04-17 17:44:46,16.76
2025-04-17 17:52:57,16.76
2025-04-17 18:46:44,15.76
2025-04-17 18:55:12,15.76
2025-04-17 19:23:49,15.76
2025-04-17 19:38:48,15.76
2025-04-17 19:47:33,15.76
2025-04-17 19:56:01,14.76
2025-04-17 20:34:18,14.76
2025-04-17 20:45:53,14.76
2025-04-17 20:54:03,14.76
2025-04-17 21:28:41,14.76
2025-04-17 21:41:37,14.76
2025-04-17 21:49:49,14.76
2025-04-17 21:57:58,14.76
2025-04-17 22:36:56,15.76
2025-04-17 22:45:26,15.76
2025-04-17 22:53:33,15.76
2025-04-17 23:29:41,13.76
2025-04-17 23:42:24,13.76
2025-04-17 23:50:59,13.76
2025-04-17 23:59:12,13.76
2025-04-18 03:09:08,16.76
2025-04-18 03:51:54,18.76
2025-04-18 04:00:18,18.76
2025-04-18 04:43:01,20.76
2025-04-18 04:53:59,20.76
2025-04-18 05:37:28,21.76
2025-04-18 05:45:59,21.76
2025-04-18 05:54:32,21.76
2025-04-18 06:47:49,22.76
2025-04-18 06:56:10,22.76
2025-04-18 07:31:36,22.76
2025-04-18 07:41:47,22.76
2025-04-18 07:50:22,22.76
2025-04-18 07:58:53,22.76
2025-04-18 08:44:24,21.76
2025-04-18 08:54:42,21.76
2025-04-18 09:34:10,20.76
2025-04-18 09:44:29,20.76
2025-04-18 09:53:03,20.76
2025-04-18 10:41:08,16.76
2025-04-18 10:51:18,16.76
2025-04-18 10:59:49,16.76
2025-04-18 11:25:42,14.76
2025-04-18 11:41:36,14.76
2025-04-18 11:50:12,14.76
2025-04-18 11:58:38,14.76
2025-04-18 13:15:42,13.76
2025-04-18 13:42:15,13.76
2025-04-18 13:50:59,13.76
2025-04-18 13:59:06,13.76
2025-04-18 14:37:09,12.76
2025-04-18 14:45:31,12.76
2025-04-18 14:54:15,12.76
2025-04-18 15:32:30,14.76
2025-04-18 15:43:57,14.76
2025-04-18 15:52:36,14.76
2025-04-18 16:41:39,14.76
2025-04-18 16:54:35,14.76
2025-04-18 17:32:14,15.76
2025-04-18 17:42:26,15.76
2025-04-18 17:50:37,15.76
2025-04-18 17:58:46,15.76
2025-04-18 18:45:42,15.76
2025-04-18 18:55:01,15.76
2025-04-18 19:23:05,14.76
2025-04-18 19:37:39,14.76
2025-04-18 19:46:16,14.76
2025-04-18 19:54:31,14.76
2025-04-18 20:32:14,14.76
2025-04-18 20:44:09,14.76
2025-04-18 20:52:34,14.76
2025-04-18 21:29:00,14.76
2025-04-18 21:40:31,14.76
2025-04-18 21:48:54,14.76
2025-04-18 21:57:08,14.76
2025-04-18 22:38:04,15.76
2025-04-18 22:47:01,15.76
2025-04-18 22:55:14,15.76
2025-04-18 23:29:56,16.76
2025-04-18 23:41:21,16.76
2025-04-18 23:49:44,16.76
2025-04-18 23:58:05,16.76
2025-04-19 03:04:35,18.76
2025-04-19 03:48:22,17.76
2025-04-19 03:56:30,17.76
2025-04-19 04:38:50,18.76
2025-04-19 04:49:34,18.76
2025-04-19 04:58:05,18.76
2025-04-19 05:37:09,12.76
2025-04-19 05:45:31,12.76
2025-04-19 05:53:56,12.76
2025-04-19 06:43:45,14.76
2025-04-19 06:52:02,14.76
2025-04-19 07:00:19,14.76
2025-04-19 07:26:26,13.76
2025-04-19 07:37:50,13.76
2025-04-19 07:46:03,13.76
2025-04-19 07:54:25,13.76
2025-04-19 08:37:46,11.76
2025-04-19 08:50:02,11.76
2025-04-19 08:58:09,10.76
2025-04-19 09:30:13,10.76
2025-04-19 09:40:35,10.76
2025-04-19 09:49:05,10.76
2025-04-19 09:57:44,10.76
2025-04-19 10:37:21,10.76
2025-04-19 10:46:01,10.76
2025-04-19 10:54:38,10.76
2025-04-19 11:23:59,10.76
2025-04-19 11:36:19,10.76
2025-04-19 11:44:30,10.76
2025-04-19 11:52:47,10.76
2025-04-19 13:02:05,11.76
2025-04-19 13:36:19,11.76
2025-04-19 13:44:28,11.76
2025-04-19 13:52:57,11.76
2025-04-19 14:32:01,11.76
2025-04-19 14:42:49,11.76
2025-04-19 14:51:06,11.76
2025-04-19 14:59:25,11.76
2025-04-19 15:30:40,9.76
2025-04-19 15:40:57,9.76
2025-04-19 15:49:11,9.76
2025-04-19 15:57:25,9.76
2025-04-19 16:41:28,9.76
2025-04-19 16:50:50,9.76
2025-04-19 16:59:10,9.76
2025-04-19 17:32:01,8.76
2025-04-19 17:41:42,8.76
2025-04-19 17:49:55,8.76
2025-04-19 17:58:11,8.76
2025-04-19 18:40:54,9.76
2025-04-19 18:49:48,9.76
2025-04-19 18:58:22,9.76
2025-04-19 19:23:08,9.76
2025-04-19 19:35:56,9.76
2025-04-19 19:44:32,9.76
2025-04-19 19:53:01,9.76
2025-04-19 20:31:39,8.76
2025-04-19 20:43:13,8.76
2025-04-19 20:51:53,8.76
2025-04-19 21:00:16,8.76
2025-04-19 21:29:12,8.76
2025-04-19 21:39:47,8.76
2025-04-19 21:48:03,8.76
2025-04-19 21:56:32,8.76
2025-04-19 22:34:05,8.76
2025-04-19 22:43:40,8.76
2025-04-19 22:52:19,8.76
2025-04-19 23:29:36,9.76
2025-04-19 23:41:44,9.76
2025-04-19 23:49:54,9.76
2025-04-19 23:58:15,9.76
2025-04-20 03:15:20,17.76
2025-04-20 03:55:12,18.76
2025-04-20 04:38:43,20.76
2025-04-20 04:50:39,20.76
2025-04-20 04:58:50,20.76
2025-04-20 05:37:12,21.76
2025-04-20 05:45:26,21.76
2025-04-20 05:54:08,21.76
2025-04-20 06:43:45,22.76
2025-04-20 06:52:10,22.76
2025-04-20 07:27:02,22.76
2025-04-20 07:40:17,22.76
2025-04-20 07:48:54,22.76
2025-04-20 07:57:10,22.76
2025-04-20 08:37:53,22.76
2025-04-20 08:48:30,22.76
2025-04-20 08:56:55,22.76
2025-04-20 09:29:36,19.76
2025-04-20 09:42:24,19.76
2025-04-20 09:51:04,19.76
2025-04-20 09:59:38,19.76
2025-04-20 10:40:04,17.76
2025-04-20 10:49:59,17.76
2025-04-20 10:58:18,17.76
2025-04-20 11:24:36,16.76
2025-04-20 11:37:43,16.76
2025-04-20 11:45:57,16.76
2025-04-20 11:54:09,16.76
2025-04-20 13:05:06,14.76
2025-04-20 13:40:36,13.76
2025-04-20 13:48:41,13.76
2025-04-20 13:57:02,13.76
2025-04-20 14:33:58,12.76
2025-04-20 14:45:05,12.76
2025-04-20 14:53:14,12.76
2025-04-20 15:30:04,12.76
2025-04-20 15:43:27,12.76
2025-04-20 15:52:20,12.76
2025-04-20 16:40:35,11.76
2025-04-20 16:50:44,11.76
2025-04-20 16:59:08,11.76
2025-04-20 17:32:21,11.76
2025-04-20 17:43:28,11.76
2025-04-20 17:51:51,11.76
2025-04-20 18:00:05,11.76
2025-04-20 18:45:34,10.76
2025-04-20 18:53:46,10.76
2025-04-20 19:22:27,11.76
2025-04-20 19:30:47,11.76
2025-04-20 19:39:24,11.76
2025-04-20 19:47:52,11.76
2025-04-20 19:56:19,11.76
2025-04-20 20:31:54,10.76
2025-04-20 20:44:28,10.76
2025-04-20 20:52:53,10.76
2025-04-20 21:26:58,15.18
2025-04-20 21:40:50,10.76
2025-04-20 21:49:08,10.76
2025-04-20 21:57:20,10.76
2025-04-20 22:37:34,13.76
2025-04-20 22:46:02,13.76
2025-04-20 22:54:39,13.76
2025-04-20 23:28:00,17.76
2025-04-20 23:40:58,17.76
2025-04-20 23:49:08,17.76
2025-04-20 23:57:28,17.76
2025-04-21 03:28:31,22.76
2025-04-21 04:00:05,22.76
2025-04-21 04:43:56,24.76
2025-04-21 04:54:52,24.76
2025-04-21 05:41:24,25.76
2025-04-21 05:50:53,25.76
2025-04-21 05:59:07,25.76
2025-04-21 06:51:52,24.76
2025-04-21 06:59:51,24.76
2025-04-21 07:31:17,25.76
2025-04-21 07:41:39,25.76
2025-04-21 07:50:05,25.76
2025-04-21 07:58:41,25.76
2025-04-21 08:48:07,24.76
2025-04-21 08:58:13,24.76
2025-04-21 09:34:54,22.76
2025-04-21 09:45:02,22.76
2025-04-21 09:53:40,22.76
2025-04-21 10:43:23,21.76
2025-04-21 10:52:01,21.76
2025-04-21 11:00:22,21.76
2025-04-21 11:27:11,21.04
2025-04-21 11:40:08,20.76
2025-04-21 11:48:57,20.76
2025-04-21 11:57:04,20.76
2025-04-21 13:17:35,17.76
2025-04-21 13:44:36,17.76
2025-04-21 13:53:21,17.76
2025-04-21 14:37:50,17.76
2025-04-21 14:46:57,17.76
2025-04-21 14:55:35,17.76
2025-04-21 15:35:05,17.76
2025-04-21 15:45:30,17.76
2025-04-21 15:54:10,17.76
2025-04-21 16:46:24,17.76
2025-04-21 16:55:59,17.76
2025-04-21 17:35:44,17.76
2025-04-21 17:44:23,17.76
2025-04-21 17:52:42,17.76
2025-04-21 18:47:39,17.76
2025-04-21 18:56:07,17.76
2025-04-21 19:25:05,17.76
2025-04-21 19:37:26,17.76
2025-04-21 19:45:52,17.76
2025-04-21 19:53:59,17.76
2025-04-21 20:33:32,16.76
2025-04-21 20:45:28,16.76
2025-04-21 20:53:40,16.76
2025-04-21 21:29:01,16.76
2025-04-21 21:43:47,16.76
2025-04-21 21:52:18,16.76
2025-04-21 22:36:35,16.76
2025-04-21 22:45:12,16.76
2025-04-21 22:53:53,16.76
2025-04-21 23:29:05,17.76
2025-04-21 23:43:32,17.76
2025-04-21 23:51:46,17.76
2025-04-22 00:00:10,17.76
2025-04-22 03:12:26,17.76
2025-04-22 03:55:44,15.76
2025-04-22 04:43:52,15.76
2025-04-22 04:54:46,15.76
2025-04-22 05:38:42,15.76
2025-04-22 05:47:35,15.76
2025-04-22 05:56:06,15.76
2025-04-22 06:49:21,16.76
2025-04-22 06:57:30,16.76
2025-04-22 07:31:46,16.76
2025-04-22 07:42:29,16.76
2025-04-22 07:51:02,16.76
2025-04-22 07:59:14,16.76
2025-04-22 08:48:12,16.76
2025-04-22 08:57:06,16.76
2025-04-22 09:35:22,16.76
2025-04-22 09:46:00,16.76
2025-04-22 09:54:16,16.76
2025-04-22 10:41:00,16.76
2025-04-22 10:51:28,16.76
2025-04-22 10:59:37,16.76
2025-04-22 11:29:14,16.76
2025-04-22 11:40:35,16.76
2025-04-22 11:48:52,16.76
2025-04-22 11:57:08,16.76
2025-04-22 13:35:07,14.76
2025-04-22 13:50:38,14.76
2025-04-22 13:59:01,14.76
2025-04-22 14:41:50,14.76
2025-04-22 14:51:17,14.76
2025-04-22 14:59:32,14.76
2025-04-22 15:37:39,13.76
2025-04-22 15:47:39,13.76
2025-04-22 15:56:13,13.76
2025-04-22 16:47:29,12.76
2025-04-22 16:57:06,12.76
2025-04-22 17:36:49,10.76
2025-04-22 17:45:18,10.76
2025-04-22 17:53:44,10.76
2025-04-22 18:47:54,9.76
2025-04-22 18:56:19,9.76
2025-04-22 19:25:34,13.82
2025-04-22 19:40:10,9.76
2025-04-22 19:48:28,9.76
2025-04-22 19:56:39,9.76
2025-04-22 20:37:34,9.76
2025-04-22 20:49:04,9.76
2025-04-22 20:57:25,9.76
2025-04-22 21:30:45,9.76
2025-04-22 21:41:42,9.76
2025-04-22 21:50:17,9.76
2025-04-22 21:58:42,9.76
2025-04-22 22:38:26,11.76
2025-04-22 22:47:14,11.76
2025-04-22 22:55:31,11.76
2025-04-22 23:28:52,13.76
2025-04-22 23:43:06,13.76
2025-04-22 23:51:28,13.76
2025-04-22 23:59:35,13.76
2025-04-23 03:13:14,19.76
2025-04-23 03:53:56,19.76
2025-04-23 04:44:32,21.76
2025-04-23 04:56:33,21.76
2025-04-23 05:38:19,20.76
2025-04-23 05:46:57,20.76
2025-04-23 05:55:37,20.76
2025-04-23 06:49:15,20.76
2025-04-23 06:57:31,20.76
2025-04-23 07:36:33,21.76
2025-04-23 07:45:34,21.76
2025-04-23 07:53:40,21.76
2025-04-23 08:48:04,20.76
2025-04-23 08:58:29,20.76
2025-04-23 09:37:19,19.76
2025-04-23 09:46:32,19.76
2025-04-23 09:54:43,19.76
2025-04-23 10:43:18,16.76
2025-04-23 10:53:53,16.76
2025-04-23 11:27:49,14.76
2025-04-23 11:40:40,14.76
2025-04-23 11:49:22,14.76
2025-04-23 11:57:38,14.76
2025-04-23 13:36:17,11.76
2025-04-23 13:51:15,11.76
2025-04-23 13:59:17,11.76
2025-04-23 14:43:50,11.76
2025-04-23 14:53:21,11.76
2025-04-23 15:38:44,11.76
2025-04-23 15:50:42,11.76
2025-04-23 15:59:10,11.76
2025-04-23 16:51:35,10.76
2025-04-23 17:34:48,9.76
2025-04-23 17:45:44,9.76
2025-04-23 17:54:16,9.76
2025-04-23 18:51:20,9.76
2025-04-23 18:59:26,9.76
2025-04-23 19:25:59,9.76
2025-04-23 19:39:26,9.76
2025-04-23 19:48:17,9.76
2025-04-23 19:56:45,9.76
2025-04-23 20:37:13,9.76
2025-04-23 20:47:58,9.76
2025-04-23 20:56:09,9.76
2025-04-23 21:31:16,8.76
2025-04-23 21:43:24,8.76
2025-04-23 21:51:37,8.76
2025-04-23 22:00:00,8.76
2025-04-23 22:39:28,10.76
2025-04-23 22:48:22,10.76
2025-04-23 22:57:02,10.76
2025-04-23 23:30:38,12.76
2025-04-23 23:43:21,12.76
2025-04-23 23:52:09,12.76
2025-04-24 03:14:13,17.76
2025-04-24 03:55:14,17.76
2025-04-24 04:41:42,17.76
2025-04-24 04:52:32,17.76
2025-04-24 05:38:30,17.76
2025-04-24 05:47:53,17.76
2025-04-24 05:56:19,17.76
2025-04-24 06:50:27,18.76
2025-04-24 06:58:45,18.76
2025-04-24 07:32:14,17.76
2025-04-24 07:42:49,17.76
2025-04-24 07:51:33,17.76
2025-04-24 07:59:43,17.76
2025-04-24 08:49:30,16.76
2025-04-24 08:57:43,16.76
2025-04-24 09:37:38,15.76
2025-04-24 09:47:31,16.28
2025-04-24 09:55:52,15.76
2025-04-24 10:42:40,13.76
2025-04-24 10:51:59,13.76
2025-04-24 11:00:28,13.76
2025-04-24 11:28:34,12.76
2025-04-24 11:40:42,12.76
2025-04-24 11:49:08,12.76
2025-04-24 11:57:32,12.76
2025-04-24 13:36:43,10.76
2025-04-24 13:52:07,10.76
2025-04-24 14:40:20,9.76
2025-04-24 14:51:45,9.76
2025-04-24 15:00:03,9.76
2025-04-24 15:39:41,9.76
2025-04-24 15:50:26,9.76
2025-04-24 15:58:50,9.76
2025-04-24 16:49:42,8.76
2025-04-24 16:58:57,8.76
2025-04-24 17:32:05,7.76
2025-04-24 17:43:21,7.76
2025-04-24 17:52:00,7.76
2025-04-24 18:00:22,7.76
2025-04-24 18:49:10,8.76
2025-04-24 18:57:31,8.76
2025-04-24 19:26:07,7.76
2025-04-24 19:41:12,7.76
2025-04-24 19:49:32,7.76
2025-04-24 19:58:09,7.76
2025-04-24 20:37:17,6.76
2025-04-24 20:50:17,6.76
2025-04-24 20:58:35,6.76
2025-04-24 21:32:12,7.76
2025-04-24 21:44:02,7.76
2025-04-24 21:52:18,7.76
2025-04-24 22:38:48,9.76
2025-04-24 22:48:54,9.76
2025-04-24 22:57:04,9.76
2025-04-24 23:30:07,11.76
2025-04-24 23:44:41,11.76
2025-04-24 23:53:11,11.76
2025-04-25 03:13:46,16.76
2025-04-25 03:54:21,16.76
2025-04-25 04:42:19,16.76
2025-04-25 04:54:09,16.76
2025-04-25 05:37:48,16.76
2025-04-25 05:46:07,16.76
2025-04-25 05:54:44,16.76
2025-04-25 06:49:05,16.76
2025-04-25 06:57:29,16.76
2025-04-25 07:30:19,16.76
2025-04-25 07:41:25,16.76
2025-04-25 07:49:51,16.76
2025-04-25 07:58:12,16.76
2025-04-25 08:47:24,15.76
2025-04-25 08:57:57,15.76
2025-04-25 09:34:37,14.76
2025-04-25 09:44:57,14.76
2025-04-25 09:53:11,14.76
2025-04-25 10:40:40,12.76
2025-04-25 10:50:26,12.76
2025-04-25 10:58:26,12.76
2025-04-25 11:27:30,11.76
2025-04-25 11:39:56,11.76
2025-04-25 11:48:27,11.76
2025-04-25 11:56:54,11.76
2025-04-25 13:33:37,10.76
2025-04-25 13:48:12,10.76
2025-04-25 13:56:43,10.76
2025-04-25 14:38:59,7.76
2025-04-25 14:48:59,7.76
2025-04-25 14:57:08,7.76
2025-04-25 15:34:54,8.76
2025-04-25 15:46:04,8.76
2025-04-25 15:54:38,8.76
2025-04-25 16:44:58,7.76
2025-04-25 16:59:16,7.76
2025-04-25 17:33:26,5.76
2025-04-25 17:43:30,5.76
2025-04-25 17:51:45,5.76
2025-04-25 17:59:57,5.76
2025-04-25 18:48:04,6.76
2025-04-25 18:56:27,6.76
2025-04-25 19:24:25,5.76
2025-04-25 19:38:14,5.76
2025-04-25 19:46:44,5.76
2025-04-25 19:55:12,5.76
2025-04-25 20:34:29,4.76
2025-04-25 20:48:23,4.76
2025-04-25 20:56:50,4.76
2025-04-25 21:31:14,5.76
2025-04-25 21:43:58,5.76
2025-04-25 21:52:02,5.76
2025-04-25 22:38:38,8.76
2025-04-25 22:51:27,8.76
2025-04-25 22:59:42,8.76
2025-04-25 23:29:58,11.76
2025-04-25 23:42:05,11.76
2025-04-25 23:50:43,11.76
2025-04-25 23:59:00,11.76
2025-04-26 03:08:47,17.76
2025-04-26 03:51:53,17.76
2025-04-26 04:00:01,17.76
2025-04-26 04:41:24,17.76
2025-04-26 04:50:40,17.76
2025-04-26 04:58:56,17.76
2025-04-26 05:37:47,17.76
2025-04-26 05:46:01,17.76
2025-04-26 05:54:39,17.76
2025-04-26 06:43:00,16.76
2025-04-26 06:51:39,16.76
2025-04-26 06:59:58,16.76
2025-04-26 07:27:27,16.76
2025-04-26 07:37:56,16.76
2025-04-26 07:45:59,16.76
2025-04-26 07:54:08,16.76
2025-04-26 08:38:31,16.76
2025-04-26 08:50:50,16.76
2025-04-26 08:58:57,16.76
2025-04-26 09:30:22,14.76
2025-04-26 09:40:53,14.76
2025-04-26 09:49:15,14.76
2025-04-26 09:57:36,14.76
2025-04-26 10:37:44,13.76
2025-04-26 10:45:56,13.76
2025-04-26 10:54:08,13.76
2025-04-26 11:23:05,13.76
2025-04-26 11:37:14,13.76
2025-04-26 11:45:38,13.76
2025-04-26 11:54:19,13.76
2025-04-26 13:03:40,13.76
2025-04-26 13:37:54,12.76
2025-04-26 13:46:16,12.76
2025-04-26 13:54:39,12.76
2025-04-26 14:31:59,11.76
2025-04-26 14:42:20,11.76
2025-04-26 14:50:52,11.76
2025-04-26 14:59:14,11.76
2025-04-26 15:31:12,8.76
2025-04-26 15:41:34,8.76
2025-04-26 15:50:04,8.76
2025-04-26 15:58:30,8.76
2025-04-26 16:40:46,7.76
2025-04-26 16:50:18,7.76
2025-04-26 16:58:52,7.76
2025-04-26 17:29:20,8.76
2025-04-26 17:39:57,8.76
2025-04-26 17:48:40,8.76
2025-04-26 17:56:51,8.76
2025-04-26 18:41:18,7.76
2025-04-26 18:50:25,7.76
2025-04-26 18:58:58,7.76
2025-04-26 19:25:02,7.76
2025-04-26 19:36:50,7.76
2025-04-26 19:45:11,7.76
2025-04-26 19:53:27,7.76
2025-04-26 20:30:45,8.76
2025-04-26 20:42:32,8.76
2025-04-26 20:51:04,8.76
2025-04-26 20:59:30,8.76
2025-04-26 21:27:52,8.76
2025-04-26 21:39:19,8.76
2025-04-26 21:48:01,8.76
2025-04-26 21:56:18,8.76
2025-04-26 22:34:09,11.76
2025-04-26 22:45:11,11.76
2025-04-26 22:53:25,11.76
2025-04-26 23:28:41,14.76
2025-04-26 23:40:38,14.76
2025-04-26 23:49:06,14.76
2025-04-26 23:57:12,14.76
2025-04-27 03:15:23,20.63
2025-04-27 03:55:07,17.76
2025-04-27 04:38:48,17.76
2025-04-27 04:50:05,17.76
2025-04-27 04:58:41,17.76
2025-04-27 05:36:18,18.76
2025-04-27 05:44:34,18.76
2025-04-27 05:52:53,18.76
2025-04-27 06:43:09,17.76
2025-04-27 06:52:36,17.76
2025-04-27 07:26:03,16.76
2025-04-27 07:37:04,16.76
2025-04-27 07:45:36,16.76
2025-04-27 07:54:07,16.76
2025-04-27 08:37:54,15.76
2025-04-27 08:51:33,15.76
2025-04-27 08:59:59,15.76
2025-04-27 09:30:40,15.76
2025-04-27 09:41:17,15.76
2025-04-27 09:49:44,15.76
2025-04-27 09:57:56,15.76
2025-04-27 10:37:52,14.76
2025-04-27 10:46:03,14.76
2025-04-27 10:54:21,14.76
2025-04-27 11:24:25,13.76
2025-04-27 11:37:44,13.76
2025-04-27 11:46:07,13.76
2025-04-27 11:54:32,13.76
2025-04-27 13:04:15,11.76
2025-04-27 13:35:52,10.76
2025-04-27 13:44:07,10.76
2025-04-27 13:52:38,10.76
2025-04-27 14:31:31,11.76
2025-04-27 14:42:19,11.76
2025-04-27 14:50:41,11.76
2025-04-27 14:59:07,11.76
2025-04-27 15:31:20,10.76
2025-04-27 15:42:30,10.76
2025-04-27 15:51:18,10.76
2025-04-27 15:59:45,10.76
2025-04-27 16:43:13,9.76
2025-04-27 16:52:00,9.76
2025-04-27 17:00:07,9.76
2025-04-27 17:31:59,10.76
2025-04-27 17:42:57,10.76
2025-04-27 17:51:32,10.76
2025-04-27 17:59:56,10.76
2025-04-27 18:42:58,10.76
2025-04-27 18:51:20,10.76
2025-04-27 18:59:34,10.76
2025-04-27 19:23:57,10.76
2025-04-27 19:36:11,10.76
2025-04-27 19:44:35,10.76
2025-04-27 19:52:50,10.76
2025-04-27 20:31:53,7.76
2025-04-27 20:43:21,7.76
2025-04-27 20:51:51,7.76
2025-04-27 21:00:26,7.76
2025-04-27 21:28:25,7.76
2025-04-27 21:39:16,7.76
2025-04-27 21:47:49,7.76
2025-04-27 21:56:06,7.76
2025-04-27 22:34:47,10.76
2025-04-27 22:44:02,10.76
2025-04-27 22:52:28,10.76
2025-04-27 23:31:45,12.76
2025-04-27 23:43:18,12.76
2025-04-27 23:51:57,12.76
2025-04-28 00:00:12,12.76
2025-04-28 03:29:24,18.76
2025-04-28 03:59:46,18.76
2025-04-28 04:45:54,18.76
2025-04-28 04:56:04,18.76
2025-04-28 05:56:22,19.76
2025-04-28 06:59:42,19.76
2025-04-28 11:11:46,16.76
2025-04-28 11:46:41,14.76
2025-04-28 11:54:57,14.76
2025-04-28 13:49:57,11.76
2025-04-28 14:00:09,11.76
2025-04-28 14:48:51,11.76
2025-04-28 14:57:15,11.76
2025-04-28 15:38:02,9.76
2025-04-28 15:48:58,9.76
2025-04-28 15:57:07,9.76
2025-04-28 16:46:11,10.76
2025-04-28 16:56:05,10.76
2025-04-28 17:32:58,7.76
2025-04-28 17:43:42,7.76
2025-04-28 17:52:12,7.76
2025-04-28 18:47:56,6.76
2025-04-28 18:56:11,6.76
2025-04-28 19:24:40,7.76
2025-04-28 19:38:17,7.76
2025-04-28 19:46:59,7.76
2025-04-28 19:55:21,7.76
2025-04-28 20:31:39,5.76
2025-04-28 20:44:15,5.76
2025-04-28 20:52:23,5.76
2025-04-28 21:29:01,6.76
2025-04-28 21:41:02,6.76
2025-04-28 21:49:10,6.76
2025-04-28 21:57:15,6.76
2025-04-28 22:38:21,8.76
2025-04-28 22:47:11,8.76
2025-04-28 22:55:35,8.76
2025-04-28 23:29:47,12.76
2025-04-28 23:42:55,12.76
2025-04-28 23:51:31,12.76
2025-04-29 00:00:04,12.76
2025-04-29 03:14:45,18.76
2025-04-29 03:54:56,18.76
2025-04-29 04:39:58,19.76
2025-04-29 04:51:30,19.76
2025-04-29 04:59:48,19.76
2025-04-29 05:38:57,19.76
2025-04-29 05:47:20,19.76
2025-04-29 05:55:48,19.76
2025-04-29 06:50:06,19.76
2025-04-29 06:58:30,19.76
2025-04-29 07:32:25,19.76
2025-04-29 07:43:22,19.76
2025-04-29 07:51:37,19.76
2025-04-29 08:00:09,19.76
2025-04-29 08:51:40,18.76
2025-04-29 09:00:11,18.76
2025-04-29 09:39:41,16.76
2025-04-29 09:50:19,16.76
2025-04-29 09:58:46,16.76
2025-04-29 10:46:33,14.76
2025-04-29 10:55:13,14.76
2025-04-29 11:27:16,13.76
2025-04-29 11:41:37,13.76
2025-04-29 11:49:46,13.76
2025-04-29 11:58:10,13.76
2025-04-29 13:44:32,9.76
2025-04-29 13:56:33,9.76
2025-04-29 14:42:26,10.76
2025-04-29 14:52:37,10.76
2025-04-29 15:37:44,11.76
2025-04-29 15:49:50,11.76
2025-04-29 15:58:03,11.76
2025-04-29 16:47:59,8.76
2025-04-29 16:58:17,8.76
2025-04-29 17:36:12,9.76
2025-04-29 17:45:01,9.76
2025-04-29 17:53:17,9.76
2025-04-29 18:46:50,10.76
2025-04-29 18:55:13,10.76
2025-04-29 19:25:36,8.76
2025-04-29 19:39:01,8.76
2025-04-29 19:48:02,8.76
2025-04-29 19:56:12,8.76
2025-04-29 20:37:23,8.76
2025-04-29 20:52:20,8.76
2025-04-29 21:29:08,7.76
2025-04-29 21:41:42,7.76
2025-04-29 21:50:06,7.76
2025-04-29 21:58:23,7.76
2025-04-29 22:38:09,12.76
2025-04-29 22:47:15,12.76
2025-04-29 22:55:40,12.76
2025-04-29 23:29:29,15.76
2025-04-29 23:42:56,15.76
2025-04-29 23:51:43,15.76
2025-04-29 23:59:58,15.76
2025-04-30 03:14:43,22.76
2025-04-30 03:54:53,22.76
2025-04-30 04:44:02,24.76
2025-04-30 04:57:11,24.76
2025-04-30 05:38:44,24.76
2025-04-30 05:47:36,24.76
2025-04-30 05:56:21,24.76
2025-04-30 06:52:26,24.76
2025-04-30 07:09:00,24.76
2025-04-30 07:27:39,24.76
2025-04-30 07:38:52,24.76
2025-04-30 07:47:09,24.76
2025-04-30 07:55:44,24.76
2025-04-30 08:20:49,23.76
2025-04-30 08:42:41,23.76
2025-04-30 08:54:51,23.76
2025-04-30 09:14:47,23.76
2025-04-30 09:33:08,22.76
2025-04-30 09:44:39,22.76
2025-04-30 09:53:42,22.76
2025-04-30 10:11:22,22.76
2025-04-30 10:35:19,20.76
2025-04-30 10:48:10,20.76
2025-04-30 10:56:35,20.76
2025-04-30 11:14:35,19.58
2025-04-30 11:27:40,19.76
2025-04-30 11:37:32,19.76
2025-04-30 11:46:05,19.76
2025-04-30 11:54:31,19.76
2025-04-30 12:25:03,19
2025-04-30 13:02:12,17.76
2025-04-30 13:34:15,17.76
2025-04-30 13:47:45,17.76
2025-04-30 13:56:06,17.76
2025-04-30 14:16:17,17.76
2025-04-30 14:37:31,16.76
2025-04-30 14:48:26,16.76
2025-04-30 14:56:51,16.76
2025-04-30 15:19:22,16.76
2025-04-30 15:36:44,16.76
2025-04-30 15:46:25,16.76
2025-04-30 15:55:06,16.76
2025-04-30 16:17:44,16.74
2025-04-30 16:42:48,14.76
2025-04-30 16:54:46,14.76
2025-04-30 17:11:57,14.76
2025-04-30 17:30:51,12.76
2025-04-30 17:42:35,12.76
2025-04-30 17:51:04,12.76
2025-04-30 17:59:33,12.76
2025-04-30 18:33:33,11.76
2025-04-30 18:50:26,11.76
2025-04-30 18:58:40,11.76
2025-04-30 19:17:38,15.76
2025-04-30 19:26:15,15.76
2025-04-30 19:36:43,15.76
2025-04-30 19:45:12,15.76
2025-04-30 19:53:41,15.76
2025-04-30 20:12:22,14.76
2025-04-30 20:31:55,14.76
2025-04-30 20:44:03,14.76
2025-04-30 20:52:16,14.76
2025-04-30 21:07:20,14.76
2025-04-30 21:26:53,13.76
2025-04-30 21:38:50,13.76
2025-04-30 21:47:19,13.76
2025-04-30 21:55:35,13.76
2025-04-30 22:14:10,16.37
2025-04-30 22:33:49,16.76
2025-04-30 22:44:47,16.76
2025-04-30 22:53:10,16.76
2025-04-30 23:10:05,16.76
2025-04-30 23:27:53,16.76
2025-04-30 23:39:52,16.76
2025-04-30 23:48:18,16.76
2025-04-30 23:56:43,16.76
2025-05-01 01:38:58,12.76
2025-05-01 03:08:21,12.76
2025-05-01 03:51:48,13.76
2025-05-01 04:13:45,13.76
2025-05-01 04:40:48,13.76
2025-05-01 04:52:54,13.76
2025-05-01 05:10:43,14.76
2025-05-01 05:32:38,14.76
2025-05-01 05:44:51,14.76
2025-05-01 05:53:13,14.76
2025-05-01 06:15:28,12.78
2025-05-01 06:43:43,13.76
2025-05-01 06:55:19,13.76
2025-05-01 07:15:18,13.76
2025-05-01 07:30:22,13.76
2025-05-01 07:40:51,13.76
2025-05-01 07:49:29,13.76
2025-05-01 07:57:55,13.76
2025-05-01 08:27:07,13.76
2025-05-01 08:46:23,13.76
2025-05-01 08:56:22,13.76
2025-05-01 09:18:09,13.76
2025-05-01 09:34:14,13.76
2025-05-01 09:44:41,13.76
2025-05-01 09:52:50,13.76
2025-05-01 10:10:15,12.76
2025-05-01 10:35:25,12.76
2025-05-01 10:47:54,12.76
2025-05-01 10:56:26,12.76
2025-05-01 11:13:56,12.76
2025-05-01 11:26:56,12.76
2025-05-01 11:36:33,12.76
2025-05-01 11:44:48,12.76
2025-05-01 11:53:28,12.76
2025-05-01 12:19:34,11.76
2025-05-01 12:57:55,11.76
2025-05-01 13:28:16,11.76
2025-05-01 13:43:43,11.76
2025-05-01 13:52:09,11.76
2025-05-01 14:00:57,11.76
2025-05-01 14:24:52,10.08
2025-05-01 14:39:42,11.76
2025-05-01 14:47:57,11.76
2025-05-01 14:56:23,11.76
2025-05-01 15:17:23,10.91
2025-05-01 15:34:36,9.76
2025-05-01 15:45:57,9.76
2025-05-01 15:54:22,9.76
2025-05-01 16:15:45,9.76
2025-05-01 16:41:15,9.76
2025-05-01 16:54:01,9.76
2025-05-01 17:10:53,9.76
2025-05-01 17:30:29,9.76
2025-05-01 17:42:30,9.76
2025-05-01 17:50:52,9.76
2025-05-01 17:59:17,9.76
2025-05-01 18:32:39,8.76
2025-05-01 18:50:21,8.76
2025-05-01 18:58:45,8.76
2025-05-01 19:17:42,9.81
2025-05-01 19:27:21,8.76
2025-05-01 19:37:24,8.76
2025-05-01 19:45:43,8.76
2025-05-01 19:54:14,8.76
2025-05-01 20:12:43,6.76
2025-05-01 20:31:03,6.76
2025-05-01 20:43:09,6.76
2025-05-01 20:51:47,6.76
2025-05-01 21:00:14,6.76
2025-05-01 21:22:38,9.96
2025-05-01 21:32:36,7.76
2025-05-01 21:41:21,7.76
2025-05-01 21:49:48,7.76
2025-05-01 21:58:05,7.76
2025-05-01 22:19:44,9.76
2025-05-01 22:38:10,9.76
2025-05-01 22:46:59,9.76
2025-05-01 22:55:38,9.76
2025-05-01 23:14:42,9.76
2025-05-01 23:30:09,11.76
2025-05-01 23:41:52,11.76
2025-05-01 23:50:24,11.76
2025-05-01 23:58:42,11.76
2025-05-02 01:50:06,14.76
2025-05-02 03:01:40,16.76
2025-05-02 03:43:05,16.76
2025-05-02 03:58:25,16.76
2025-05-02 04:25:42,16.76
2025-05-02 04:43:24,16.76
2025-05-02 04:53:45,16.76
2025-05-02 05:12:19,18.73
2025-05-02 05:33:13,16.76
2025-05-02 05:45:05,16.76
2025-05-02 05:53:24,16.76
2025-05-02 06:15:18,18.29
2025-05-02 06:43:15,17.76
2025-05-02 06:54:53,17.76
2025-05-02 07:13:46,17.76
2025-05-02 07:29:27,17.76
2025-05-02 07:40:28,17.76
2025-05-02 07:49:03,17.76
2025-05-02 07:57:41,17.76
2025-05-02 08:26:25,15.76
2025-05-02 08:45:22,15.76
2025-05-02 08:55:58,15.76
2025-05-02 09:16:59,15.76
2025-05-02 09:33:04,14.76
2025-05-02 09:43:32,14.76
2025-05-02 09:51:58,14.76
2025-05-02 10:00:21,14.76
2025-05-02 10:27:45,13.76
2025-05-02 10:43:49,13.76
2025-05-02 10:52:09,13.76
2025-05-02 11:00:54,13.76
2025-05-02 11:21:03,12.76
2025-05-02 11:29:58,12.76
2025-05-02 11:41:38,12.76
2025-05-02 11:49:48,12.76
2025-05-02 11:58:16,12.76
2025-05-02 12:41:38,12.76
2025-05-02 13:15:17,12.76
2025-05-02 13:39:18,12.76
2025-05-02 13:48:51,12.76
2025-05-02 13:57:12,12.76
2025-05-02 14:17:56,12.76
2025-05-02 14:37:59,12.76
2025-05-02 14:47:53,12.76
2025-05-02 14:56:08,12.76
2025-05-02 15:16:52,12.76
2025-05-02 15:33:32,12.76
2025-05-02 15:53:15,12.76
2025-05-02 16:12:22,12.76
2025-05-02 16:38:46,12.76
2025-05-02 16:52:39,12.76
2025-05-02 17:07:57,12.76
2025-05-02 17:29:58,10.76
2025-05-02 17:41:41,10.76
2025-05-02 17:50:04,10.76
2025-05-02 17:58:34,10.76
2025-05-02 18:30:06,10.76
2025-05-02 18:48:34,10.76
2025-05-02 18:57:00,10.76
2025-05-02 19:15:02,9.76
2025-05-02 19:26:44,9.76
2025-05-02 19:37:17,9.76
2025-05-02 19:45:44,9.76
2025-05-02 19:54:16,9.76
2025-05-02 20:13:48,9.76
2025-05-02 20:32:41,8.76
2025-05-02 20:44:08,8.76
2025-05-02 20:52:24,8.76
2025-05-02 21:07:45,8.76
2025-05-02 21:26:39,8.76
2025-05-02 21:38:00,8.76
2025-05-02 21:46:32,8.76
2025-05-02 21:55:04,8.76
2025-05-02 22:13:36,8.76
2025-05-02 22:33:42,8.76
2025-05-02 22:46:43,8.76
2025-05-02 22:55:10,8.76
2025-05-02 23:13:16,8.76
2025-05-02 23:29:00,9.76
2025-05-02 23:40:17,9.76
2025-05-02 23:48:49,9.76
2025-05-02 23:57:18,9.76
2025-05-03 01:26:50,9.76
2025-05-03 02:49:09,10.76
2025-05-03 03:27:47,10.76
2025-05-03 03:50:43,10.76
2025-05-03 03:59:04,10.76
2025-05-03 04:26:29,12.76
2025-05-03 04:43:37,12.76
2025-05-03 04:52:50,12.76
2025-05-03 05:09:17,12.76
2025-05-03 05:31:23,13.76
2025-05-03 05:43:30,13.76
2025-05-03 05:51:47,13.76
2025-05-03 06:00:05,13.76
2025-05-03 06:33:10,12.76
2025-05-03 06:47:57,12.76
2025-05-03 06:56:19,12.76
2025-05-03 07:15:15,13.76
2025-05-03 07:28:32,13.76
2025-05-03 07:38:39,13.76
2025-05-03 07:47:00,13.76
2025-05-03 07:55:24,13.76
2025-05-03 08:17:30,12.51
2025-05-03 08:37:13,13.76
2025-05-03 08:48:54,13.76
2025-05-03 08:57:20,13.76
2025-05-03 09:18:06,12.62
2025-05-03 09:31:54,12.76
2025-05-03 09:41:31,12.76
2025-05-03 09:49:58,12.76
2025-05-03 09:58:26,12.76
2025-05-03 10:20:53,13.39
2025-05-03 10:38:00,11.76
2025-05-03 10:46:40,11.76
2025-05-03 10:55:01,11.76
2025-05-03 11:11:14,11.76
2025-05-03 11:24:51,10.76
2025-05-03 11:34:41,10.76
2025-05-03 11:43:04,10.76
2025-05-03 11:51:36,10.76
2025-05-03 12:00:07,10.76
2025-05-03 12:47:38,10.76
2025-05-03 13:13:07,9.76
2025-05-03 13:32:57,9.76
2025-05-03 13:42:38,9.76
2025-05-03 13:51:11,9.76
2025-05-03 13:59:26,9.76
2025-05-03 14:20:38,9.76
2025-05-03 14:35:46,9.76
2025-05-03 14:44:36,9.76
2025-05-03 14:52:44,9.76
2025-05-03 15:07:48,9.76
2025-05-03 15:27:09,9.76
2025-05-03 15:38:03,9.76
2025-05-03 15:46:35,9.76
2025-05-03 15:54:52,9.76
2025-05-03 16:15:09,9.76
2025-05-03 16:37:53,8.76
2025-05-03 16:49:36,8.76
2025-05-03 16:58:01,8.76
2025-05-03 17:16:34,9.54
2025-05-03 17:31:04,6.76
2025-05-03 17:40:54,6.76
2025-05-03 17:49:08,6.76
2025-05-03 17:57:31,6.76
2025-05-03 18:25:04,5.76
2025-05-03 18:43:11,5.76
2025-05-03 18:51:47,5.76
2025-05-03 19:00:02,5.76
2025-05-03 19:18:28,5.76
2025-05-03 19:26:54,5.76
2025-05-03 19:36:44,5.76
2025-05-03 19:45:10,5.76
2025-05-03 19:53:28,5.76
2025-05-03 20:10:45,4.76
2025-05-03 20:29:32,4.76
2025-05-03 20:41:19,4.76
2025-05-03 20:49:40,4.76
2025-05-03 20:58:15,4.76
2025-05-03 21:18:20,8.85
2025-05-03 21:29:55,4.76
2025-05-03 21:39:37,4.76
2025-05-03 21:48:18,4.76
2025-05-03 21:56:51,4.76
2025-05-03 22:16:19,9.76
2025-05-03 22:33:45,9.76
2025-05-03 22:43:48,9.76
2025-05-03 22:52:08,9.76
2025-05-03 23:00:39,9.76
2025-05-03 23:23:17,12.76
2025-05-03 23:33:37,12.76
2025-05-03 23:42:17,12.76
2025-05-03 23:50:50,12.76
2025-05-03 23:59:03,12.76
2025-05-04 02:03:25,16.76
2025-05-04 03:19:46,17.86
2025-05-04 03:54:03,18.76
2025-05-04 04:15:46,18.67
2025-05-04 04:38:16,18.76
2025-05-04 04:49:46,18.76
2025-05-04 04:58:13,18.76
2025-05-04 05:20:20,19.76
2025-05-04 05:37:49,19.76
2025-05-04 05:46:21,19.76
2025-05-04 05:54:50,19.76
2025-05-04 06:18:38,18.76
2025-05-04 06:42:55,18.76
2025-05-04 06:53:45,18.76
2025-05-04 07:10:09,18.76
2025-05-04 07:26:12,17.76
2025-05-04 07:35:27,17.76
2025-05-04 07:43:55,17.76
2025-05-04 07:52:12,17.76
2025-05-04 08:09:58,17.76
2025-05-04 08:33:11,17.76
2025-05-04 08:46:29,17.76
2025-05-04 08:54:51,17.76
2025-05-04 09:13:17,16.76
2025-05-04 09:29:27,16.76
2025-05-04 09:40:39,16.76
2025-05-04 09:49:08,16.76
2025-05-04 09:57:30,16.76
2025-05-04 10:19:02,14.76
2025-05-04 10:37:30,14.76
2025-05-04 10:46:07,14.76
2025-05-04 10:54:40,14.76
2025-05-04 11:10:19,14.76
2025-05-04 11:24:05,13.76
2025-05-04 11:33:39,13.76
2025-05-04 11:41:59,13.76
2025-05-04 11:50:22,13.76
2025-05-04 11:58:30,13.76
2025-05-04 12:40:29,11.76
2025-05-04 13:05:24,11.76
2025-05-04 13:31:24,10.76
2025-05-04 13:42:24,10.76
2025-05-04 13:50:32,10.76
2025-05-04 13:58:42,10.76
2025-05-04 14:19:07,13.74
2025-05-04 14:34:16,10.76
2025-05-04 14:43:19,10.76
2025-05-04 14:51:45,10.76
2025-05-04 15:00:11,10.76
2025-05-04 15:24:26,6.76
2025-05-04 15:36:23,6.76
2025-05-04 15:44:59,6.76
2025-05-04 15:53:24,6.76
2025-05-04 16:11:33,6.76
2025-05-04 16:34:41,6.76
2025-05-04 16:47:52,6.76
2025-05-04 16:56:18,6.76
2025-05-04 17:13:16,7.76
2025-05-04 17:29:38,7.76
2025-05-04 17:40:37,7.76
2025-05-04 17:49:15,7.76
2025-05-04 17:57:34,7.76
2025-05-04 18:25:20,7.76
2025-05-04 18:44:00,7.76
2025-05-04 18:52:42,7.76
2025-05-04 19:06:48,7.76
2025-05-04 19:22:05,10.81
2025-05-04 19:30:39,7.76
2025-05-04 19:40:52,7.76
2025-05-04 19:49:00,7.76
2025-05-04 19:57:34,7.76
2025-05-04 20:20:01,9.76
2025-05-04 20:34:48,9.76
2025-05-04 20:44:16,9.76
2025-05-04 20:52:42,9.76
2025-05-04 21:07:41,9.76
2025-05-04 21:25:22,10.6
2025-05-04 21:36:36,8.76
2025-05-04 21:44:42,8.76
2025-05-04 21:53:20,8.76
2025-05-04 22:09:19,10.76
2025-05-04 22:30:54,10.76
2025-05-04 22:43:13,10.76
2025-05-04 22:51:45,10.76
2025-05-04 23:00:19,10.76
2025-05-04 23:23:09,12.76
2025-05-04 23:33:44,12.76
2025-05-04 23:43:05,12.76
2025-05-04 23:51:30,12.76
2025-05-05 00:00:03,12.76
2025-05-05 02:07:23,14.76
2025-05-05 03:16:55,16.97
2025-05-05 03:51:22,14.76
2025-05-05 04:11:43,14.87
2025-05-05 04:36:52,13.76
2025-05-05 04:51:08,13.76
2025-05-05 04:59:22,13.76
2025-05-05 05:25:15,12.76
2025-05-05 05:41:22,12.76
2025-05-05 05:49:54,12.76
2025-05-05 05:58:21,12.76
2025-05-05 06:32:17,13.76
2025-05-05 06:52:05,13.76
2025-05-05 07:00:37,13.76
2025-05-05 07:26:04,13.76
2025-05-05 07:38:01,13.76
2025-05-05 07:46:27,13.76
2025-05-05 07:54:57,13.76
2025-05-05 08:19:55,13.76
2025-05-05 08:43:40,13.76
2025-05-05 08:56:28,13.76
2025-05-05 09:18:59,13.85
2025-05-05 09:37:52,12.76
2025-05-05 09:48:32,12.76
2025-05-05 09:57:06,12.76
2025-05-05 10:20:45,12.76
2025-05-05 10:41:44,12.76
2025-05-05 10:51:57,12.76
2025-05-05 11:00:16,12.76
2025-05-05 11:21:37,11.76
2025-05-05 11:30:31,11.76
2025-05-05 11:40:29,11.76
2025-05-05 11:48:57,11.76
2025-05-05 11:57:17,11.76
2025-05-05 12:38:53,12.76
2025-05-05 13:16:25,12.76
2025-05-05 13:41:30,11.76
2025-05-05 13:51:27,11.76
2025-05-05 13:59:41,11.76
2025-05-05 14:26:28,10.76
2025-05-05 14:43:44,10.76
2025-05-05 14:52:36,10.76
2025-05-05 15:09:28,8.76
2025-05-05 15:31:13,8.76
2025-05-05 15:43:54,8.76
2025-05-05 15:52:18,8.76
2025-05-05 16:10:55,7.76
2025-05-05 16:38:16,7.76
2025-05-05 16:52:38,7.76
2025-05-05 17:07:54,7.76
2025-05-05 17:29:21,6.76
2025-05-05 17:42:04,6.76
2025-05-05 17:50:28,6.76
2025-05-05 17:58:58,6.76
2025-05-05 18:28:47,6.76
2025-05-05 18:47:00,6.76
2025-05-05 18:55:07,6.76
2025-05-05 19:10:32,6.76
2025-05-05 19:24:14,10.47
2025-05-05 19:36:06,6.76
2025-05-05 19:44:33,6.76
2025-05-05 19:52:44,6.76
2025-05-05 20:10:28,6.76
2025-05-05 20:31:29,6.76
2025-05-05 20:44:29,6.76
2025-05-05 20:53:12,6.76
2025-05-05 21:09:26,6.76
2025-05-05 21:28:18,5.76
2025-05-05 21:40:04,5.76
2025-05-05 21:48:34,5.76
2025-05-05 21:56:46,5.76
2025-05-05 22:17:31,8.76
2025-05-05 22:37:52,8.76
2025-05-05 22:47:33,8.76
2025-05-05 22:56:04,8.76
2025-05-05 23:15:13,8.76
2025-05-05 23:30:28,11.76
2025-05-05 23:42:40,11.76
2025-05-05 23:50:57,11.76
2025-05-05 23:59:06,11.76
2025-05-06 01:55:15,15.76
2025-05-06 03:05:17,17.76
2025-05-06 03:44:39,17.76
2025-05-06 03:57:57,17.76
2025-05-06 04:25:07,17.76
2025-05-06 04:43:47,17.76
2025-05-06 04:54:42,17.76
2025-05-06 05:14:08,17.76
2025-05-06 05:34:02,17.76
2025-05-06 05:45:15,17.76
2025-05-06 05:53:40,17.76
2025-05-06 06:16:25,18.76
2025-05-06 06:44:00,18.76
2025-05-06 06:55:46,18.76
2025-05-06 07:15:46,18.76
2025-05-06 07:31:54,18.76
2025-05-06 07:42:52,18.76
2025-05-06 07:51:16,18.76
2025-05-06 07:59:52,18.76
2025-05-06 08:33:33,17.76
2025-05-06 08:51:24,17.76
2025-05-06 08:59:43,17.76
2025-05-06 09:27:20,16.76
2025-05-06 09:41:38,16.76
2025-05-06 09:50:09,16.76
2025-05-06 09:58:42,16.76
2025-05-06 10:24:32,14.76
2025-05-06 10:42:44,14.76
2025-05-06 10:51:58,14.76
2025-05-06 11:00:31,14.76
2025-05-06 11:21:32,13.76
2025-05-06 11:30:39,13.76
2025-05-06 11:40:53,13.76
2025-05-06 11:49:31,13.76
2025-05-06 11:57:55,13.76
2025-05-06 12:43:15,11.76
2025-05-06 13:20:21,10.76
2025-05-06 13:44:27,10.76
2025-05-06 13:54:05,10.76
2025-05-06 14:12:33,10.76
2025-05-06 14:35:57,11.76
2025-05-06 14:49:41,11.76
2025-05-06 14:58:23,11.76
2025-05-06 15:28:50,10.76
2025-05-06 15:46:50,10.76
2025-05-06 15:56:25,10.76
2025-05-06 16:19:50,13.48
2025-05-06 16:42:38,8.76
2025-05-06 16:54:41,8.76
2025-05-06 17:12:16,8.76
2025-05-06 17:31:23,7.76
2025-05-06 17:43:17,7.76
2025-05-06 17:51:44,7.76
2025-05-06 17:59:56,7.76
2025-05-06 18:34:12,7.76
2025-05-06 18:50:12,7.76
2025-05-06 18:58:20,7.76
2025-05-06 19:16:35,7.76
2025-05-06 19:26:57,8.76
2025-05-06 19:37:12,8.76
2025-05-06 19:45:44,8.76
2025-05-06 19:54:14,8.76
2025-05-06 20:14:06,8.76
2025-05-06 20:33:30,6.76
2025-05-06 20:45:42,6.76
2025-05-06 20:54:10,6.76
2025-05-06 21:11:24,6.76
2025-05-06 21:28:54,6.76
2025-05-06 21:40:31,6.76
2025-05-06 21:48:49,6.76
2025-05-06 21:56:56,6.76
2025-05-06 22:17:37,11.76
2025-05-06 22:36:42,11.76
2025-05-06 22:46:23,11.76
2025-05-06 22:54:47,11.76
2025-05-06 23:13:00,13.71
2025-05-06 23:29:22,13.76
2025-05-06 23:41:30,13.76
2025-05-06 23:49:52,13.76
2025-05-06 23:58:19,13.76
2025-05-07 01:48:36,17.76
2025-05-07 03:03:51,18.76
2025-05-07 03:46:07,19.76
2025-05-07 03:59:49,19.76
2025-05-07 04:29:56,17.76
2025-05-07 04:46:15,17.76
2025-05-07 04:55:44,17.76
2025-05-07 05:16:04,19.39
2025-05-07 05:36:09,19.76
2025-05-07 05:46:30,19.76
2025-05-07 05:54:59,19.76
2025-05-07 06:20:36,19.29
2025-05-07 06:45:37,19.76
2025-05-07 06:57:09,19.76
2025-05-07 07:18:41,18.76
2025-05-07 07:32:50,18.76
2025-05-07 07:43:22,18.76
2025-05-07 07:51:53,18.76
2025-05-07 08:00:02,18.76
2025-05-07 08:35:06,17.76
2025-05-07 08:53:12,17.76
2025-05-07 09:11:41,17.76
2025-05-07 09:33:25,16.76
2025-05-07 09:46:29,16.76
2025-05-07 09:54:50,16.76
2025-05-07 10:15:24,16.76
2025-05-07 10:41:05,14.76
2025-05-07 10:52:19,14.76
2025-05-07 11:07:26,14.76
2025-05-07 11:25:06,12.76
2025-05-07 11:36:17,12.76
2025-05-07 11:44:46,12.76
2025-05-07 11:53:22,12.76
2025-05-07 12:20:35,12.76
2025-05-07 13:03:33,12.76
2025-05-07 13:38:46,11.76
2025-05-07 13:52:09,11.76
2025-05-07 14:00:58,11.76
2025-05-07 14:28:13,10.76
2025-05-07 14:46:33,10.76
2025-05-07 14:55:33,10.76
2025-05-07 15:17:35,8.76
2025-05-07 15:38:47,8.76
2025-05-07 15:51:05,8.76
2025-05-07 15:59:22,8.76
2025-05-07 16:31:39,8.76
2025-05-07 16:52:02,8.76
2025-05-07 17:00:13,8.76
2025-05-07 17:23:47,9.76
2025-05-07 17:39:10,9.76
2025-05-07 17:47:43,9.76
2025-05-07 17:56:07,9.76
2025-05-07 18:23:32,12.74
2025-05-07 18:45:05,8.76
2025-05-07 18:55:44,8.76
2025-05-07 19:13:14,8.76
2025-05-07 19:26:38,8.76
2025-05-07 19:36:23,8.76
2025-05-07 19:44:50,8.76
2025-05-07 19:53:18,8.76
2025-05-07 20:11:49,8.76
2025-05-07 20:33:01,6.76
2025-05-07 20:46:00,6.76
2025-05-07 20:54:24,6.76
2025-05-07 21:11:39,6.76
2025-05-07 21:27:31,6.76
2025-05-07 21:38:16,6.76
2025-05-07 21:46:47,6.76
2025-05-07 21:54:58,6.76
2025-05-07 22:13:45,6.76
2025-05-07 22:34:49,10.76
2025-05-07 22:46:29,10.76
2025-05-07 22:54:52,10.76
2025-05-07 23:13:11,14.38
2025-05-07 23:30:06,14.76
2025-05-07 23:42:58,14.76
2025-05-07 23:51:39,14.76
2025-05-08 00:00:11,14.76
2025-05-08 02:04:50,18.76
2025-05-08 03:15:31,21.76
2025-05-08 03:49:58,21.76
2025-05-08 04:01:03,21.76
2025-05-08 04:32:31,23.76
2025-05-08 04:48:20,23.76
2025-05-08 04:56:43,23.76
2025-05-08 05:18:27,23.76
2025-05-08 05:38:50,23.76
2025-05-08 05:48:44,23.76
2025-05-08 05:57:05,23.76
2025-05-08 06:28:15,24.76
2025-05-08 06:50:02,24.76
2025-05-08 06:58:23,24.76
2025-05-08 07:21:47,23.76
2025-05-08 07:35:27,23.76
2025-05-08 07:45:01,23.76
2025-05-08 07:53:32,23.76
2025-05-08 08:15:06,23.76
2025-05-08 08:41:36,20.76
2025-05-08 08:55:03,20.76
2025-05-08 09:15:12,18.76
2025-05-08 09:33:33,18.76
2025-05-08 09:45:18,18.76
2025-05-08 09:53:34,18.76
2025-05-08 10:12:44,18.76
2025-05-08 10:37:51,16.76
2025-05-08 10:49:59,16.76
2025-05-08 10:58:26,16.76
2025-05-08 11:18:34,16.76
2025-05-08 11:30:20,16.76
2025-05-08 11:40:47,16.76
2025-05-08 11:49:19,16.76
2025-05-08 11:57:50,16.76
2025-05-08 12:41:06,15.76
2025-05-08 13:18:30,15.76
2025-05-08 13:40:23,15.76
2025-05-08 13:48:59,15.76
2025-05-08 13:57:13,15.76
2025-05-08 14:17:16,15.76
2025-05-08 14:39:12,15.76
2025-05-08 14:48:55,15.76
2025-05-08 14:57:27,15.76
2025-05-08 15:21:29,15.76
2025-05-08 15:39:08,15.76
2025-05-08 15:49:58,15.76
2025-05-08 15:58:23,15.76
2025-05-08 16:28:42,17.55
2025-05-08 16:49:21,17.36
2025-05-08 16:59:00,17.36
2025-05-08 17:19:41,17.48
2025-05-08 17:35:46,17.35
2025-05-08 17:44:19,15.76
2025-05-08 17:52:45,15.76
2025-05-08 18:12:56,15.76
2025-05-08 18:42:19,14.76
2025-05-08 18:54:47,14.76
2025-05-08 19:11:15,17.16
2025-05-08 19:25:52,14.76
2025-05-08 19:35:54,14.76
2025-05-08 19:44:14,14.76
2025-05-08 19:52:34,14.76
2025-05-08 20:10:17,14.76
2025-05-08 20:32:28,14.76
2025-05-08 20:46:01,14.76
2025-05-08 20:54:30,14.76
2025-05-08 21:12:34,14.76
2025-05-08 21:29:20,14.76
2025-05-08 21:41:24,14.76
2025-05-08 21:49:40,14.76
2025-05-08 21:58:02,14.76
2025-05-08 22:19:49,14.76
2025-05-08 22:38:15,14.76
2025-05-08 22:47:39,14.76
2025-05-08 22:55:52,14.76
2025-05-08 23:15:40,14.76
2025-05-08 23:31:55,14.76
2025-05-08 23:43:31,14.76
2025-05-08 23:51:49,14.76
2025-05-09 00:00:07,14.76
2025-05-09 02:04:23,14.76
2025-05-09 03:14:31,14.53
2025-05-09 03:48:25,15.76
2025-05-09 04:00:57,15.76
2025-05-09 04:31:47,14.76
2025-05-09 04:47:07,14.76
2025-05-09 04:55:52,14.76
2025-05-09 05:15:59,14.76
2025-05-09 05:35:33,13.76
2025-05-09 05:46:08,14.76
2025-05-09 05:54:30,14.76
2025-05-09 06:19:28,14.76
2025-05-09 06:45:18,14.76
2025-05-09 06:56:32,14.76
2025-05-09 07:17:09,14.76
2025-05-09 07:31:45,14.76
2025-05-09 07:41:46,14.76
2025-05-09 07:50:22,14.76
2025-05-09 07:58:29,14.76
2025-05-09 08:29:35,14.76
2025-05-09 08:48:42,14.76
2025-05-09 08:57:27,14.76
2025-05-09 09:20:51,14.76
2025-05-09 09:36:54,14.76
2025-05-09 09:46:45,14.76
2025-05-09 09:55:08,14.76
2025-05-09 10:15:09,14.76
2025-05-09 10:38:52,14.76
2025-05-09 10:49:56,14.76
2025-05-09 10:58:25,14.76
2025-05-09 11:17:53,14.76
2025-05-09 11:29:49,14.76
2025-05-09 11:40:21,14.76
2025-05-09 11:48:55,14.76
2025-05-09 11:57:07,14.76
2025-05-09 12:37:21,14.76
2025-05-09 13:15:02,14.76
2025-05-09 13:40:19,14.76
2025-05-09 13:50:34,14.76
2025-05-09 13:59:00,14.76
2025-05-09 14:22:09,14.76
2025-05-09 14:39:51,14.76
2025-05-09 14:49:43,14.76
2025-05-09 14:58:06,14.76
2025-05-09 15:21:55,15.76
2025-05-09 15:37:39,15.76
2025-05-09 15:46:49,15.76
2025-05-09 15:55:12,15.76
2025-05-09 16:17:51,14.76
2025-05-09 16:40:48,14.76
2025-05-09 16:52:58,14.76
2025-05-09 17:08:35,14.76
2025-05-09 17:29:21,14.76
2025-05-09 17:41:38,14.76
2025-05-09 17:50:02,14.76
2025-05-09 17:58:28,14.76
2025-05-09 18:30:30,13.76
2025-05-09 18:49:03,13.76
2025-05-09 18:57:28,13.76
2025-05-09 19:15:30,13.76
2025-05-09 19:27:06,11.76
2025-05-09 19:36:44,11.76
2025-05-09 19:44:55,11.76
2025-05-09 19:53:26,11.76
2025-05-09 20:12:06,11.76
2025-05-09 20:32:18,11.76
2025-05-09 20:44:28,11.76
2025-05-09 20:52:57,11.76
2025-05-09 21:08:23,11.76
2025-05-09 21:26:28,12.76
2025-05-09 21:37:21,12.76
2025-05-09 21:45:46,12.76
2025-05-09 21:54:15,12.76
2025-05-09 22:11:44,13.04
2025-05-09 22:32:20,11.76
2025-05-09 22:44:16,11.76
2025-05-09 22:52:52,11.76
2025-05-09 23:08:51,11.76
2025-05-09 23:26:44,11.76
2025-05-09 23:37:31,11.76
2025-05-09 23:46:11,11.76
2025-05-09 23:54:46,11.76
2025-05-10 01:04:21,11.76
2025-05-10 02:39:46,11.76
2025-05-10 03:26:28,11.76
2025-05-10 03:49:24,11.76
2025-05-10 03:58:29,11.76
2025-05-10 04:26:25,12.76
2025-05-10 04:43:41,12.76
2025-05-10 04:53:49,12.76
2025-05-10 05:10:55,12.76
2025-05-10 05:30:41,12.76
2025-05-10 05:43:02,12.76
2025-05-10 05:51:17,12.76
2025-05-10 05:59:25,12.76
2025-05-10 06:31:11,13.76
2025-05-10 06:47:22,13.76
2025-05-10 06:55:53,13.76
2025-05-10 07:13:53,13.76
2025-05-10 07:27:25,12.76
2025-05-10 07:36:37,12.76
2025-05-10 07:44:55,12.76
2025-05-10 07:53:15,12.76
2025-05-10 08:12:26,12.76
2025-05-10 08:34:03,11.76
2025-05-10 08:47:20,11.76
2025-05-10 08:55:44,11.76
2025-05-10 09:14:31,11.76
2025-05-10 09:29:37,12.76
2025-05-10 09:40:14,12.76
2025-05-10 09:48:27,12.76
2025-05-10 09:56:57,12.76
2025-05-10 10:17:48,12.76
2025-05-10 10:37:29,12.76
2025-05-10 10:46:45,12.76
2025-05-10 10:55:12,12.76
2025-05-10 11:12:19,12.76
2025-05-10 11:25:43,12.76
2025-05-10 11:35:30,12.76
2025-05-10 11:43:46,12.76
2025-05-10 11:52:10,12.76
2025-05-10 12:12:49,11.76
2025-05-10 12:52:52,11.76
2025-05-10 13:17:11,11.76
2025-05-10 13:35:34,11.76
2025-05-10 13:44:22,11.76
2025-05-10 13:52:41,11.76
2025-05-10 14:07:20,11.76
2025-05-10 14:28:09,11.76
2025-05-10 14:40:01,11.76
2025-05-10 14:48:25,11.76
2025-05-10 14:56:32,11.76
2025-05-10 15:16:42,10.76
2025-05-10 15:31:34,10.76
2025-05-10 15:41:47,10.76
2025-05-10 15:50:14,10.76
2025-05-10 15:58:39,10.76
2025-05-10 16:25:58,10.76
2025-05-10 16:44:25,10.76
2025-05-10 16:54:00,10.76
2025-05-10 17:09:12,10.76
2025-05-10 17:27:20,10.76
2025-05-10 17:37:28,10.76
2025-05-10 17:45:52,10.76
2025-05-10 17:54:09,10.76
2025-05-10 18:14:38,12.13
2025-05-10 18:37:42,11.76
2025-05-10 18:48:44,11.76
2025-05-10 18:57:14,11.76
2025-05-10 19:13:42,11.76
2025-05-10 19:24:16,11.91
2025-05-10 19:34:01,11.76
2025-05-10 19:42:27,11.76
2025-05-10 19:50:46,11.76
2025-05-10 19:59:21,11.76
2025-05-10 20:23:49,10.76
2025-05-10 20:36:19,10.76
2025-05-10 20:46:05,10.76
2025-05-10 20:54:35,10.76
2025-05-10 21:10:49,11.17
2025-05-10 21:26:04,11.76
2025-05-10 21:35:37,11.76
2025-05-10 21:43:50,11.76
2025-05-10 21:51:57,11.76
2025-05-10 22:00:11,11.76
2025-05-10 22:22:54,12.76
2025-05-10 22:36:41,12.76
2025-05-10 22:45:01,12.76
2025-05-10 22:53:13,12.76
2025-05-10 23:09:13,12.5
2025-05-10 23:26:14,13.76
2025-05-10 23:36:16,13.76
2025-05-10 23:44:21,13.76
2025-05-10 23:52:45,13.76
2025-05-11 00:50:38,13.76
2025-05-11 02:30:02,15.76
2025-05-11 03:30:35,17.76
2025-05-11 03:56:28,17.76
2025-05-11 04:20:22,19.6
2025-05-11 04:40:26,18.76
2025-05-11 04:51:24,18.76
2025-05-11 05:00:02,18.76
2025-05-11 05:24:36,19.76
2025-05-11 05:39:44,19.76
2025-05-11 05:48:14,19.76
2025-05-11 05:56:33,19.76
2025-05-11 06:23:41,18.76
2025-05-11 06:44:14,18.76
2025-05-11 06:53:47,18.76
2025-05-11 07:10:55,18.76
2025-05-11 07:27:02,18.76
2025-05-11 07:37:03,18.76
2025-05-11 07:45:28,18.76
2025-05-11 07:53:58,18.76
2025-05-11 08:14:15,18.76
2025-05-11 08:35:51,18.76
2025-05-11 08:50:23,18.76
2025-05-11 08:58:31,18.76
2025-05-11 09:20:37,17.76
2025-05-11 09:33:52,17.76
2025-05-11 09:43:54,17.76
2025-05-11 09:52:03,17.76
2025-05-11 10:00:28,17.76
2025-05-11 10:25:24,15.76
2025-05-11 10:39:36,15.76
2025-05-11 10:48:06,15.76
2025-05-11 10:56:34,15.76
2025-05-11 11:13:11,15.76
2025-05-11 11:25:08,13.76
2025-05-11 11:35:20,13.76
2025-05-11 11:43:45,13.76
2025-05-11 11:51:53,13.76
2025-05-11 12:00:25,13.76
2025-05-11 12:48:03,12.76
2025-05-11 13:13:45,12.76
2025-05-11 13:33:37,12.76
2025-05-11 13:44:14,12.76
2025-05-11 13:52:43,12.76
2025-05-11 14:08:02,12.76
2025-05-11 14:29:23,11.76
2025-05-11 14:41:52,11.76
2025-05-11 14:49:57,11.76
2025-05-11 14:58:26,11.76
2025-05-11 15:20:27,10.76
2025-05-11 15:33:48,10.76
2025-05-11 15:43:01,10.76
2025-05-11 15:51:11,10.76
2025-05-11 15:59:26,10.76
2025-05-11 16:28:05,8.76
2025-05-11 16:44:28,8.76
2025-05-11 16:52:53,8.76
2025-05-11 17:07:23,8.76
2025-05-11 17:25:47,8.76
2025-05-11 17:36:42,8.76
2025-05-11 17:45:01,8.76
2025-05-11 17:53:27,8.76
2025-05-11 18:12:56,9.76
2025-05-11 18:36:50,9.76
2025-05-11 18:48:48,9.76
2025-05-11 18:57:02,9.76
2025-05-11 19:13:49,11.85
2025-05-11 19:24:33,8.76
2025-05-11 19:34:21,8.76
2025-05-11 19:43:00,8.76
2025-05-11 19:51:30,8.76
2025-05-11 19:59:40,8.76
2025-05-11 20:24:40,8.76
2025-05-11 20:36:55,8.76
2025-05-11 20:45:19,8.76
2025-05-11 20:53:31,8.76
2025-05-11 21:09:14,8.76
2025-05-11 21:25:56,9.76
2025-05-11 21:35:55,9.76
2025-05-11 21:44:04,9.76
2025-05-11 21:52:21,9.76
2025-05-11 22:07:24,9.76
2025-05-11 22:29:40,11.76
2025-05-11 22:42:26,11.76
2025-05-11 22:50:42,11.76
2025-05-11 22:58:50,11.76
2025-05-11 23:20:28,14.7
2025-05-11 23:31:14,13.76
2025-05-11 23:41:30,13.76
2025-05-11 23:49:52,13.76
2025-05-11 23:58:02,13.76
2025-05-12 01:49:34,17.76
2025-05-12 03:07:12,19.76
2025-05-12 03:50:09,21.76
2025-05-12 04:12:25,21.76
2025-05-12 04:38:14,21.76
2025-05-12 04:51:08,21.76
2025-05-12 04:59:29,21.76
2025-05-12 05:25:21,22.76
2025-05-12 05:41:36,22.76
2025-05-12 05:50:02,22.76
2025-05-12 05:58:25,22.76
2025-05-12 06:33:06,22.76
2025-05-12 06:53:23,22.76
2025-05-12 07:11:33,22.76
2025-05-12 07:29:49,22.76
2025-05-12 07:41:45,22.76
2025-05-12 07:50:22,22.76
2025-05-12 07:58:53,22.76
2025-05-12 08:32:06,22.76
2025-05-12 08:51:35,22.76
2025-05-12 08:59:50,22.76
2025-05-12 09:28:42,21.76
2025-05-12 09:43:33,21.76
2025-05-12 09:51:56,21.76
2025-05-12 10:00:15,21.76
2025-05-12 10:30:01,20.52
2025-05-12 10:47:35,18.81
2025-05-12 10:55:56,18.34
2025-05-12 11:13:56,18.34
2025-05-12 11:28:22,18.34
2025-05-12 11:38:57,16.93
2025-05-12 11:47:22,16.93
2025-05-12 11:55:45,16.93
2025-05-12 12:33:19,16.93
2025-05-12 13:09:41,17.45
2025-05-12 13:42:33,17
2025-05-12 13:52:19,17
2025-05-12 14:09:32,17
2025-05-12 14:35:08,17
2025-05-12 14:50:03,16.55
2025-05-12 14:58:14,16.55
2025-05-12 15:25:42,16.55
2025-05-12 15:42:20,16.12
2025-05-12 15:52:07,16.12
2025-05-12 16:10:04,16.12
2025-05-12 16:39:17,15.78
2025-05-12 16:54:35,15.78
2025-05-12 17:11:47,15.78
2025-05-12 17:31:42,15.78
2025-05-12 17:43:52,15.43
2025-05-12 17:52:22,15.43
2025-05-12 18:12:02,15.43
2025-05-12 18:42:14,15.02
2025-05-12 18:55:00,15.32
2025-05-12 19:11:47,15.32
2025-05-12 19:25:53,15.32
2025-05-12 19:35:38,15.32
2025-05-12 19:43:58,14.83
2025-05-12 19:52:12,14.83
2025-05-12 20:09:14,14.83
2025-05-12 20:31:55,14.83
2025-05-12 20:45:16,14.78
2025-05-12 20:53:49,14.78
2025-05-12 21:10:54,14.78
2025-05-12 21:28:34,14.78
2025-05-12 21:40:11,15.94
2025-05-12 21:48:43,15.94
2025-05-12 21:57:10,15.94
2025-05-12 22:18:30,15.94
2025-05-12 22:38:09,18.13
2025-05-12 22:48:16,18.13
2025-05-12 22:56:36,18.13
2025-05-12 23:16:22,18.13
2025-05-12 23:30:43,18.13
2025-05-12 23:41:47,19.99
2025-05-12 23:50:12,19.99
2025-05-12 23:58:40,19.4
2025-05-13 01:53:23,23.61
2025-05-13 03:06:28,24.95
2025-05-13 03:47:59,25.24
2025-05-13 04:01:10,25.24
2025-05-13 04:32:28,25.24
2025-05-13 04:47:49,25.28
2025-05-13 04:56:18,25.28
2025-05-13 05:17:02,25.28
2025-05-13 05:36:59,25.15
2025-05-13 05:47:08,25.15
2025-05-13 05:55:46,25.15
2025-05-13 06:22:57,25.15
2025-05-13 06:46:29,24.63
2025-05-13 06:57:02,24.63
2025-05-13 07:19:09,24.63
2025-05-13 07:33:44,24.63
2025-05-13 07:43:43,24.74
2025-05-13 07:52:15,24.74
2025-05-13 08:12:00,24.74
2025-05-13 08:40:41,23.67
2025-05-13 08:55:37,23.67
2025-05-13 09:17:07,23.67
2025-05-13 09:36:10,23.67
2025-05-13 09:47:19,22.66
2025-05-13 09:55:45,22.66
2025-05-13 10:17:25,22.66
2025-05-13 10:41:52,20.21
2025-05-13 10:53:01,20.21
2025-05-13 11:08:54,20.21
2025-05-13 11:26:06,20.21
2025-05-13 11:37:13,20.21
2025-05-13 11:45:33,19.4
2025-05-13 11:53:57,19.4
2025-05-13 12:24:16,19.4
2025-05-13 13:06:00,19.09
2025-05-13 13:40:20,18.4
2025-05-13 13:53:28,18.4
2025-05-13 14:11:12,18.4
2025-05-13 14:36:09,18.4
